project,timestamp,ntasks,nchunks,nfound,seconds
mcs_prime_stoch_trigger,2026-06-16 21:54:23.426,12,1,12,0.013
mcs_prime_stoch_trigger,2026-06-16 21:54:23.439,24,1,24,0.012
mcs_prime_stoch_trigger,2026-06-16 21:54:23.449,36,1,36,0.009
mcs_prime_stoch_trigger,2026-06-16 21:54:23.455,12,1,12,0.006
mcs_prime_stoch_trigger,2026-06-16 21:54:23.464,84,1,84,0.008
mcs_prime_stoch_trigger,2026-06-16 21:54:23.474,72,1,72,0.009
mcs_prime_stoch_trigger,2026-06-16 21:54:23.483,13,1,13,0.007
mcs_prime_stoch_trigger,2026-06-16 21:54:23.490,13,1,13,0.006
mcs_prime_stoch_trigger,2026-06-16 21:54:23.496,12,1,12,0.006
mcs_prime_stoch_trigger,2026-06-16 21:54:23.503,12,1,12,0.006
mcs_prime_stoch_trigger,2026-06-16 21:54:23.514,72,1,72,0.010
mcs_prime_stoch_trigger,2026-06-16 21:54:23.524,36,1,36,0.009
mcs_prime_stoch_trigger,2026-06-16 21:54:23.530,12,1,12,0.005
mcs_prime_stoch_trigger,2026-06-16 21:54:23.537,13,1,13,0.006
mcs_prime_stoch_trigger,2026-06-16 21:54:23.545,36,1,36,0.007
mcs_prime_stoch_trigger,2026-06-16 21:54:23.560,96,1,96,0.014
mcs_prime_stoch_trigger,2026-06-16 21:54:23.571,10,1,10,0.009
mcs_prime_stoch_trigger,2026-06-16 21:54:23.589,60,1,60,0.016
mcs_prime_stoch_trigger,2026-06-16 21:54:23.604,5,1,5,0.013
mcs_prime_stoch_trigger,2026-06-16 21:54:23.614,12,1,12,0.007
mcs_prime_stoch_trigger,2026-06-16 21:54:23.622,24,1,24,0.007
mcs_prime_stoch_trigger,2026-06-16 21:54:23.628,36,1,36,0.007
mcs_prime_stoch_trigger,2026-06-16 21:54:23.634,12,1,12,0.006
mcs_prime_stoch_trigger,2026-06-16 21:54:23.643,84,1,84,0.009
mcs_prime_stoch_trigger,2026-06-16 21:54:23.653,72,1,72,0.010
mcs_prime_stoch_trigger,2026-06-16 21:54:23.660,13,1,13,0.007
mcs_prime_stoch_trigger,2026-06-16 21:54:23.666,13,1,13,0.006
mcs_prime_stoch_trigger,2026-06-16 21:54:23.672,12,1,12,0.006
mcs_prime_stoch_trigger,2026-06-16 21:54:23.679,12,1,12,0.007
mcs_prime_stoch_trigger,2026-06-16 21:54:23.687,72,1,72,0.008
mcs_prime_stoch_trigger,2026-06-16 21:54:23.696,36,1,36,0.009
mcs_prime_stoch_trigger,2026-06-16 21:54:23.702,12,1,12,0.006
mcs_prime_stoch_trigger,2026-06-16 21:54:23.708,13,1,13,0.006
mcs_prime_stoch_trigger,2026-06-16 21:54:23.718,36,1,36,0.010
mcs_prime_stoch_trigger,2026-06-16 21:54:23.732,96,1,96,0.014
mcs_prime_stoch_trigger,2026-06-16 21:54:23.742,10,1,10,0.011
mcs_prime_stoch_trigger,2026-06-16 21:54:23.757,60,1,60,0.015
mcs_prime_stoch_trigger,2026-06-16 21:54:23.768,5,1,5,0.011
mcs_prime_stoch_trigger,2026-06-16 21:54:50.744,12,1,12,0.010
mcs_prime_stoch_trigger,2026-06-16 21:54:50.755,24,1,24,0.005
mcs_prime_stoch_trigger,2026-06-16 21:54:50.771,36,1,36,0.006
mcs_prime_stoch_trigger,2026-06-16 21:54:50.790,12,1,12,0.003
mcs_prime_stoch_trigger,2026-06-16 21:54:50.801,84,1,84,0.006
mcs_prime_stoch_trigger,2026-06-16 21:54:50.851,72,1,72,0.007
mcs_prime_stoch_trigger,2026-06-16 21:54:50.920,13,1,13,0.005
mcs_prime_stoch_trigger,2026-06-16 21:54:50.948,13,1,13,0.003
mcs_prime_stoch_trigger,2026-06-16 21:54:50.964,12,1,12,0.004
mcs_prime_stoch_trigger,2026-06-16 21:54:50.977,12,1,12,0.004
mcs_prime_stoch_trigger,2026-06-16 21:54:50.991,72,1,72,0.006
mcs_prime_stoch_trigger,2026-06-16 21:54:51.070,36,1,36,0.006
mcs_prime_stoch_trigger,2026-06-16 21:54:51.089,12,1,12,0.003
mcs_prime_stoch_trigger,2026-06-16 21:54:51.101,13,1,13,0.004
mcs_prime_stoch_trigger,2026-06-16 21:54:51.112,36,1,36,0.005
mcs_prime_stoch_trigger,2026-06-16 21:54:51.137,96,1,96,0.011
mcs_prime_stoch_trigger,2026-06-16 21:54:51.180,10,1,10,0.006
mcs_prime_stoch_trigger,2026-06-16 21:54:51.198,60,1,60,0.011
mcs_prime_stoch_trigger,2026-06-16 21:54:51.231,5,1,5,0.008
mcs_prime_stoch_trigger,2026-06-16 21:54:51.241,12,1,12,0.004
mcs_prime_stoch_trigger,2026-06-16 21:54:51.245,24,1,24,0.004
mcs_prime_stoch_trigger,2026-06-16 21:54:51.249,36,1,36,0.004
mcs_prime_stoch_trigger,2026-06-16 21:54:51.253,12,1,12,0.003
mcs_prime_stoch_trigger,2026-06-16 21:54:51.258,84,1,84,0.006
mcs_prime_stoch_trigger,2026-06-16 21:54:51.265,72,1,72,0.007
mcs_prime_stoch_trigger,2026-06-16 21:54:51.269,13,1,13,0.004
mcs_prime_stoch_trigger,2026-06-16 21:54:51.273,13,1,13,0.003
mcs_prime_stoch_trigger,2026-06-16 21:54:51.277,12,1,12,0.004
mcs_prime_stoch_trigger,2026-06-16 21:54:51.280,12,1,12,0.003
mcs_prime_stoch_trigger,2026-06-16 21:54:51.286,72,1,72,0.006
mcs_prime_stoch_trigger,2026-06-16 21:54:51.291,36,1,36,0.005
mcs_prime_stoch_trigger,2026-06-16 21:54:51.295,12,1,12,0.003
mcs_prime_stoch_trigger,2026-06-16 21:54:51.298,13,1,13,0.003
mcs_prime_stoch_trigger,2026-06-16 21:54:51.303,36,1,36,0.005
mcs_prime_stoch_trigger,2026-06-16 21:54:51.312,96,1,96,0.008
mcs_prime_stoch_trigger,2026-06-16 21:54:51.317,10,1,10,0.006
mcs_prime_stoch_trigger,2026-06-16 21:54:51.327,60,1,60,0.010
mcs_prime_stoch_trigger,2026-06-16 21:54:51.335,5,1,5,0.007
mcs_prime_stoch_trigger,2026-06-17 09:54:22.672,1,1,1,0.021
mcs_prime_stoch_trigger,2026-06-17 09:54:22.735,36,1,36,0.040
mcs_prime_stoch_trigger,2026-06-17 09:54:22.776,9,1,9,0.022
mcs_prime_stoch_trigger,2026-06-17 09:54:22.807,1,1,1,0.018
mcs_prime_stoch_trigger,2026-06-17 09:54:22.856,36,1,36,0.049
mcs_prime_stoch_trigger,2026-06-17 09:54:22.872,9,1,9,0.016
mcs_prime_stoch_trigger,2026-06-17 10:35:17.431,1,1,1,0.009
mcs_prime_stoch_trigger,2026-06-17 10:35:17.474,36,1,36,0.023
mcs_prime_stoch_trigger,2026-06-17 10:35:17.495,9,1,9,0.009
mcs_prime_stoch_trigger,2026-06-17 10:35:17.512,1,1,1,0.006
mcs_prime_stoch_trigger,2026-06-17 10:35:17.526,36,1,36,0.014
mcs_prime_stoch_trigger,2026-06-17 10:35:17.534,9,1,9,0.008
mcs_prime_stoch_trigger,2026-06-17 10:35:31.248,12,1,12,0.007
mcs_prime_stoch_trigger,2026-06-17 10:35:31.258,24,1,24,0.006
mcs_prime_stoch_trigger,2026-06-17 10:35:31.264,36,1,36,0.005
mcs_prime_stoch_trigger,2026-06-17 10:35:31.268,12,1,12,0.003
mcs_prime_stoch_trigger,2026-06-17 10:35:31.275,84,1,84,0.006
mcs_prime_stoch_trigger,2026-06-17 10:35:31.282,72,1,72,0.007
mcs_prime_stoch_trigger,2026-06-17 10:35:31.289,13,1,13,0.004
mcs_prime_stoch_trigger,2026-06-17 10:35:31.293,13,1,13,0.003
mcs_prime_stoch_trigger,2026-06-17 10:35:31.297,12,1,12,0.003
mcs_prime_stoch_trigger,2026-06-17 10:35:31.300,12,1,12,0.003
mcs_prime_stoch_trigger,2026-06-17 10:35:31.306,72,1,72,0.005
mcs_prime_stoch_trigger,2026-06-17 10:35:31.313,36,1,36,0.006
mcs_prime_stoch_trigger,2026-06-17 10:35:31.317,12,1,12,0.003
mcs_prime_stoch_trigger,2026-06-17 10:35:31.321,13,1,13,0.003
mcs_prime_stoch_trigger,2026-06-17 10:35:31.326,36,1,36,0.004
mcs_prime_stoch_trigger,2026-06-17 10:35:31.337,96,1,96,0.010
mcs_prime_stoch_trigger,2026-06-17 10:35:31.345,10,1,10,0.006
mcs_prime_stoch_trigger,2026-06-17 10:35:31.358,60,1,60,0.011
mcs_prime_stoch_trigger,2026-06-17 10:35:31.368,5,1,5,0.007
mcs_prime_stoch_trigger,2026-06-17 10:35:31.376,12,1,12,0.004
mcs_prime_stoch_trigger,2026-06-17 10:35:31.380,24,1,24,0.004
mcs_prime_stoch_trigger,2026-06-17 10:35:31.384,36,1,36,0.004
mcs_prime_stoch_trigger,2026-06-17 10:35:31.387,12,1,12,0.003
mcs_prime_stoch_trigger,2026-06-17 10:35:31.393,84,1,84,0.006
mcs_prime_stoch_trigger,2026-06-17 10:35:31.399,72,1,72,0.006
mcs_prime_stoch_trigger,2026-06-17 10:35:31.403,13,1,13,0.004
mcs_prime_stoch_trigger,2026-06-17 10:35:31.406,13,1,13,0.003
mcs_prime_stoch_trigger,2026-06-17 10:35:31.410,12,1,12,0.004
mcs_prime_stoch_trigger,2026-06-17 10:35:31.413,12,1,12,0.003
mcs_prime_stoch_trigger,2026-06-17 10:35:31.419,72,1,72,0.005
mcs_prime_stoch_trigger,2026-06-17 10:35:31.424,36,1,36,0.005
mcs_prime_stoch_trigger,2026-06-17 10:35:31.427,12,1,12,0.003
mcs_prime_stoch_trigger,2026-06-17 10:35:31.430,13,1,13,0.003
mcs_prime_stoch_trigger,2026-06-17 10:35:31.435,36,1,36,0.004
mcs_prime_stoch_trigger,2026-06-17 10:35:31.443,96,1,96,0.008
mcs_prime_stoch_trigger,2026-06-17 10:35:31.449,10,1,10,0.006
mcs_prime_stoch_trigger,2026-06-17 10:35:31.459,60,1,60,0.009
mcs_prime_stoch_trigger,2026-06-17 10:35:31.466,5,1,5,0.007
mcs_prime_stoch_trigger,2026-06-18 14:02:49.699,36,1,0,0.006
mcs_prime_stoch_trigger,2026-06-18 14:02:49.706,12,1,0,0.002
mcs_prime_stoch_trigger,2026-06-18 14:02:49.711,36,1,0,0.002
mcs_prime_stoch_trigger,2026-06-18 14:02:49.713,12,1,0,0.002
mcs_prime_stoch_trigger,2026-06-18 14:03:44.995,1,1,0,0.004
mcs_prime_stoch_trigger,2026-06-18 14:04:34.556,0,0,0,0.000
mcs_prime_stoch_trigger,2026-06-18 14:04:34.560,1,1,0,0.003
mcs_prime_stoch_trigger,2026-06-18 14:05:44.891,36,1,0,0.006
mcs_prime_stoch_trigger,2026-06-18 14:05:44.897,12,1,0,0.002
mcs_prime_stoch_trigger,2026-06-18 14:05:44.900,36,1,0,0.002
mcs_prime_stoch_trigger,2026-06-18 14:05:44.902,12,1,0,0.002
mcs_prime_stoch_trigger,2026-06-18 14:06:03.459,1,1,0,0.002
mcs_prime_stoch_trigger,2026-06-18 14:06:03.461,0,0,0,0.000
mcs_prime_stoch_trigger,2026-06-18 14:06:37.142,1,1,1,0.002
mcs_prime_stoch_trigger,2026-06-18 14:06:37.143,0,0,0,0.000
mcs_prime_stoch_trigger,2026-06-18 14:09:08.115,1,1,1,0.003
mcs_prime_stoch_trigger,2026-06-18 14:09:08.116,0,0,0,0.000
mcs_prime_stoch_trigger,2026-06-18 14:09:51.100,1,1,1,0.002
mcs_prime_stoch_trigger,2026-06-18 14:09:51.101,0,0,0,0.000
mcs_prime_stoch_trigger,2026-06-18 14:10:07.652,3,1,1,0.004
mcs_prime_stoch_trigger,2026-06-18 14:10:07.657,1,1,0,0.002
mcs_prime_stoch_trigger,2026-06-18 14:14:20.099,3,1,3,0.003
mcs_prime_stoch_trigger,2026-06-18 14:14:20.102,1,1,0,0.002
mcs_prime_stoch_trigger,2026-06-18 14:14:45.393,3,1,3,0.004
mcs_prime_stoch_trigger,2026-06-18 14:14:45.397,1,1,0,0.002
mcs_prime_stoch_trigger,2026-06-18 14:14:45.402,3,1,3,0.003
mcs_prime_stoch_trigger,2026-06-18 14:14:45.404,1,1,0,0.002
mcs_prime_stoch_trigger,2026-06-18 14:14:57.910,0,0,0,0.000
mcs_prime_stoch_trigger,2026-06-18 14:14:57.915,1,1,0,0.003
mcs_prime_stoch_trigger,2026-06-18 14:14:57.917,0,0,0,0.000
mcs_prime_stoch_trigger,2026-06-18 14:14:57.920,1,1,0,0.002
mcs_prime_stoch_trigger,2026-06-18 14:20:15.756,36,1,3,0.008
mcs_prime_stoch_trigger,2026-06-18 14:20:15.768,12,1,0,0.002
mcs_prime_stoch_trigger,2026-06-18 14:20:15.775,36,1,3,0.003
mcs_prime_stoch_trigger,2026-06-18 14:20:15.777,12,1,0,0.002
mcs_prime_stoch_trigger,2026-06-18 14:20:42.248,0,0,0,0.000
mcs_prime_stoch_trigger,2026-06-18 14:20:42.253,1,1,0,0.003
mcs_prime_stoch_trigger,2026-06-18 14:22:34.805,36,1,3,0.009
mcs_prime_stoch_trigger,2026-06-18 14:22:34.820,12,1,0,0.010
mcs_prime_stoch_trigger,2026-06-18 14:22:34.857,36,1,3,0.008
mcs_prime_stoch_trigger,2026-06-18 14:22:34.866,12,1,0,0.006
mcs_prime_stoch_trigger,2026-06-18 14:22:37.757,3,1,3,0.008
mcs_prime_stoch_trigger,2026-06-18 14:22:37.761,1,1,0,0.003
mcs_prime_stoch_trigger,2026-06-18 14:22:37.767,3,1,3,0.003
mcs_prime_stoch_trigger,2026-06-18 14:22:37.770,1,1,0,0.002
mcs_prime_stoch_trigger,2026-06-18 14:22:57.324,0,0,0,0.000
mcs_prime_stoch_trigger,2026-06-18 14:22:57.328,1,1,0,0.003
mcs_prime_stoch_trigger,2026-06-18 14:23:00.508,36,1,3,0.006
mcs_prime_stoch_trigger,2026-06-18 14:23:00.532,12,1,0,0.020
mcs_prime_stoch_trigger,2026-06-18 14:23:00.547,36,1,3,0.005
mcs_prime_stoch_trigger,2026-06-18 14:23:00.550,12,1,0,0.003
mcs_prime_stoch_trigger,2026-06-18 14:23:26.818,0,0,0,0.000
mcs_prime_stoch_trigger,2026-06-18 14:23:26.825,1,1,0,0.004
mcs_prime_stoch_trigger,2026-06-18 14:23:37.309,0,0,0,0.000
mcs_prime_stoch_trigger,2026-06-18 14:23:37.312,1,1,1,0.002
mcs_prime_stoch_trigger,2026-06-18 14:26:42.454,0,0,0,0.000
mcs_prime_stoch_trigger,2026-06-18 14:26:42.458,1,1,0,0.003
mcs_prime_stoch_trigger,2026-06-18 14:27:30.293,0,0,0,0.000
mcs_prime_stoch_trigger,2026-06-18 14:27:30.298,1,1,0,0.003
mcs_prime_stoch_trigger,2026-06-18 14:28:05.687,0,0,0,0.000
mcs_prime_stoch_trigger,2026-06-18 14:28:05.692,1,1,0,0.003
mcs_prime_stoch_trigger,2026-06-18 14:28:47.905,0,0,0,0.000
mcs_prime_stoch_trigger,2026-06-18 14:28:47.927,1,1,0,0.019
mcs_prime_stoch_trigger,2026-06-18 14:28:57.188,0,0,0,0.000
mcs_prime_stoch_trigger,2026-06-18 14:28:57.212,1,1,0,0.022
mcs_prime_stoch_trigger,2026-06-18 14:31:01.735,0,0,0,0.000
mcs_prime_stoch_trigger,2026-06-18 14:31:01.756,1,1,0,0.009
mcs_prime_stoch_trigger,2026-06-18 14:31:14.038,0,0,0,0.000
mcs_prime_stoch_trigger,2026-06-18 14:31:14.043,1,1,0,0.003
mcs_prime_stoch_trigger,2026-06-18 14:36:26.000,0,0,0,0.000
mcs_prime_stoch_trigger,2026-06-18 14:36:26.005,1,1,0,0.004
mcs_prime_stoch_trigger,2026-06-18 14:36:35.257,0,0,0,0.000
mcs_prime_stoch_trigger,2026-06-18 14:36:35.263,1,1,0,0.004
mcs_prime_stoch_trigger,2026-06-18 14:37:36.727,0,0,0,0.000
mcs_prime_stoch_trigger,2026-06-18 14:37:36.731,1,1,0,0.003
mcs_prime_stoch_trigger,2026-06-18 14:37:48.502,0,0,0,0.000
mcs_prime_stoch_trigger,2026-06-18 14:37:48.506,1,1,0,0.003
mcs_prime_stoch_trigger,2026-06-18 14:39:13.816,0,0,0,0.000
mcs_prime_stoch_trigger,2026-06-18 14:39:13.820,1,1,0,0.003
mcs_prime_stoch_trigger,2026-06-18 14:39:23.013,0,0,0,0.000
mcs_prime_stoch_trigger,2026-06-18 14:39:23.017,1,1,0,0.003
mcs_prime_stoch_trigger,2026-06-18 14:40:14.411,36,1,3,0.010
mcs_prime_stoch_trigger,2026-06-18 14:40:14.418,12,1,0,0.002
mcs_prime_stoch_trigger,2026-06-18 14:40:14.424,1,1,0,0.002
mcs_prime_stoch_trigger,2026-06-18 14:40:36.311,0,0,0,0.000
mcs_prime_stoch_trigger,2026-06-18 14:40:36.333,1,1,0,0.012
mcs_prime_stoch_trigger,2026-06-18 14:40:47.765,0,0,0,0.000
mcs_prime_stoch_trigger,2026-06-18 14:40:47.771,1,1,1,0.003
mcs_prime_stoch_trigger,2026-06-18 14:43:55.394,36,1,3,0.009
mcs_prime_stoch_trigger,2026-06-18 14:43:55.405,12,1,1,0.002
mcs_prime_stoch_trigger,2026-06-18 14:48:38.398,36,1,3,0.009
mcs_prime_stoch_trigger,2026-06-18 14:48:38.429,12,1,1,0.004
mcs_prime_stoch_trigger,2026-06-18 14:53:51.323,36,1,36,0.006
mcs_prime_stoch_trigger,2026-06-18 14:53:51.332,12,1,12,0.006
mcs_prime_stoch_trigger,2026-06-18 15:46:35.986,144,1,36,0.012
mcs_prime_stoch_trigger,2026-06-18 15:46:36.048,48,1,12,0.006
mcs_prime_stoch_trigger,2026-06-18 15:46:36.078,144,1,36,0.010
mcs_prime_stoch_trigger,2026-06-18 15:46:36.082,48,1,12,0.003
mcs_prime_stoch_trigger,2026-06-18 15:46:52.728,144,1,36,0.009
mcs_prime_stoch_trigger,2026-06-18 15:46:52.735,48,1,12,0.003
mcs_prime_stoch_trigger,2026-06-18 15:47:47.573,144,1,36,0.010
mcs_prime_stoch_trigger,2026-06-18 15:47:47.591,48,1,12,0.003
mcs_prime_stoch_trigger,2026-06-18 15:52:36.210,144,1,144,0.008
mcs_prime_stoch_trigger,2026-06-18 15:52:36.215,48,1,48,0.002
mcs_prime_stoch_trigger,2026-06-18 16:03:27.207,144,1,144,0.013
mcs_prime_stoch_trigger,2026-06-18 16:03:27.214,48,1,48,0.004
mcs_prime_stoch_trigger,2026-06-18 16:03:27.221,144,1,144,0.006
mcs_prime_stoch_trigger,2026-06-18 16:03:27.224,48,1,48,0.002
mcs_prime_stoch_trigger,2026-06-18 16:03:52.412,144,1,144,0.012
mcs_prime_stoch_trigger,2026-06-18 16:03:52.418,48,1,48,0.004
mcs_prime_stoch_trigger,2026-06-18 16:05:59.035,144,1,144,0.009
mcs_prime_stoch_trigger,2026-06-18 16:05:59.041,48,1,48,0.004
mcs_prime_stoch_trigger,2026-06-18 16:12:25.221,144,1,144,0.004
mcs_prime_stoch_trigger,2026-06-18 16:12:25.226,48,1,48,0.002
mcs_prime_stoch_trigger,2026-06-18 16:12:33.060,144,1,144,0.017
mcs_prime_stoch_trigger,2026-06-18 16:12:33.067,48,1,48,0.005
mcs_prime_stoch_trigger,2026-06-18 16:28:19.836,144,1,144,0.018
mcs_prime_stoch_trigger,2026-06-18 16:28:19.844,48,1,48,0.006
mcs_prime_stoch_trigger,2026-06-18 16:28:19.848,144,1,144,0.003
mcs_prime_stoch_trigger,2026-06-18 16:28:19.851,48,1,48,0.002
mcs_prime_stoch_trigger,2026-06-18 16:29:44.835,144,1,144,0.018
mcs_prime_stoch_trigger,2026-06-18 16:29:44.843,48,1,48,0.006
mcs_prime_stoch_trigger,2026-06-18 16:30:34.722,12,1,12,0.008
mcs_prime_stoch_trigger,2026-06-18 16:30:34.728,4,1,4,0.003
mcs_prime_stoch_trigger,2026-06-18 16:32:16.139,12,1,12,0.002
mcs_prime_stoch_trigger,2026-06-18 16:32:16.143,4,1,4,0.002
wescon-tools,2026-06-30 15:59:35.942,774,1,0,0.010
wescon-tools,2026-06-30 15:59:35.968,774,1,0,0.005
wescon-tools,2026-06-30 15:59:35.975,18,1,0,0.004
wescon-tools,2026-06-30 15:59:35.983,774,1,0,0.006
wescon-tools,2026-06-30 15:59:35.990,774,1,0,0.006
wescon-tools,2026-06-30 15:59:35.994,18,1,0,0.004
wescon-tools,2026-06-30 16:00:27.249,774,1,0,0.006
wescon-tools,2026-06-30 16:00:27.267,774,1,0,0.005
wescon-tools,2026-06-30 16:00:27.273,18,1,0,0.002
wescon-tools,2026-06-30 16:01:06.454,774,1,0,0.006
wescon-tools,2026-06-30 16:01:06.474,774,1,0,0.005
wescon-tools,2026-06-30 16:01:06.553,18,1,0,0.003
wescon-tools,2026-06-30 16:01:06.558,1,1,0,0.002
wescon-tools,2026-06-30 16:01:08.075,774,1,0,0.009
wescon-tools,2026-06-30 16:01:08.097,774,1,0,0.007
wescon-tools,2026-06-30 16:01:08.105,18,1,0,0.005
wescon-tools,2026-06-30 16:01:08.114,774,1,0,0.006
wescon-tools,2026-06-30 16:01:08.120,774,1,0,0.005
wescon-tools,2026-06-30 16:01:08.126,18,1,0,0.005
wescon-tools,2026-06-30 16:01:11.307,1,1,0,0.005
wescon-tools,2026-06-30 16:01:36.057,774,1,0,0.006
wescon-tools,2026-06-30 16:01:36.076,774,1,0,0.006
wescon-tools,2026-06-30 16:01:36.084,18,1,0,0.004
wescon-tools,2026-06-30 16:01:36.089,1,1,0,0.003
wescon-tools,2026-06-30 16:01:38.567,1,1,0,0.003
wescon-tools,2026-06-30 16:01:58.283,1,1,0,0.006
wescon-tools,2026-06-30 16:02:09.850,1,1,0,0.003
wescon-tools,2026-06-30 16:05:18.333,774,1,0,0.008
wescon-tools,2026-06-30 16:05:18.338,774,1,0,0.004
wescon-tools,2026-06-30 16:05:18.342,18,1,0,0.002
wescon-tools,2026-06-30 16:05:18.793,1465,2,0,0.009
wescon-tools,2026-06-30 16:05:18.798,18,1,0,0.003
wescon-tools,2026-06-30 16:05:18.802,18,1,0,0.004
wescon-tools,2026-06-30 16:05:18.807,216,1,0,0.004
wescon-tools,2026-06-30 16:05:18.811,36,1,0,0.003
wescon-tools,2026-06-30 16:05:18.814,2,1,0,0.003
wescon-tools,2026-06-30 16:06:42.801,774,1,0,0.020
wescon-tools,2026-06-30 16:06:42.807,774,1,0,0.005
wescon-tools,2026-06-30 16:06:42.811,18,1,0,0.004
wescon-tools,2026-06-30 16:06:43.213,1465,2,0,0.021
wescon-tools,2026-06-30 16:06:43.219,18,1,0,0.004
wescon-tools,2026-06-30 16:06:43.222,18,1,0,0.003
wescon-tools,2026-06-30 16:06:43.226,216,1,0,0.003
wescon-tools,2026-06-30 16:06:43.229,36,1,0,0.003
wescon-tools,2026-06-30 16:06:43.233,2,1,0,0.003
wescon-tools,2026-06-30 16:08:01.109,774,1,774,2.052
wescon-tools,2026-06-30 16:08:02.062,774,1,774,0.933
wescon-tools,2026-06-30 16:08:02.091,18,1,18,0.023
wescon-tools,2026-06-30 16:08:08.513,1465,2,1465,5.428
wescon-tools,2026-06-30 16:08:08.685,18,1,18,0.038
wescon-tools,2026-06-30 16:08:08.735,18,1,18,0.048
wescon-tools,2026-06-30 16:08:09.066,216,1,216,0.310
wescon-tools,2026-06-30 16:08:09.180,36,1,36,0.095
wescon-tools,2026-06-30 16:08:09.209,2,1,2,0.023
wescon-tools,2026-06-30 16:08:10.454,774,1,774,1.240
wescon-tools,2026-06-30 16:08:11.841,774,1,774,1.386
wescon-tools,2026-06-30 16:08:11.860,18,1,18,0.018
wescon-tools,2026-06-30 16:08:16.071,1465,2,1465,3.749
wescon-tools,2026-06-30 16:08:16.154,18,1,18,0.077
wescon-tools,2026-06-30 16:08:16.199,18,1,18,0.043
wescon-tools,2026-06-30 16:08:16.429,216,1,216,0.226
wescon-tools,2026-06-30 16:08:16.523,36,1,36,0.094
wescon-tools,2026-06-30 16:08:16.551,2,1,2,0.028
wescon-tools,2026-06-30 16:08:31.438,774,1,774,0.585
wescon-tools,2026-06-30 16:08:31.965,774,1,774,0.511
wescon-tools,2026-06-30 16:08:32.002,18,1,18,0.029
wescon-tools,2026-06-30 16:08:35.357,1465,2,1465,2.919
wescon-tools,2026-06-30 16:08:35.483,18,1,18,0.027
wescon-tools,2026-06-30 16:08:35.505,18,1,18,0.016
wescon-tools,2026-06-30 16:08:35.632,216,1,216,0.109
wescon-tools,2026-06-30 16:08:35.680,36,1,36,0.026
wescon-tools,2026-06-30 16:08:35.691,2,1,2,0.005
wescon-tools,2026-06-30 16:08:36.229,774,1,774,0.534
wescon-tools,2026-06-30 16:08:36.719,774,1,774,0.488
wescon-tools,2026-06-30 16:08:36.733,18,1,18,0.013
wescon-tools,2026-06-30 16:08:38.936,1465,2,1465,1.635
wescon-tools,2026-06-30 16:08:38.960,18,1,18,0.022
wescon-tools,2026-06-30 16:08:38.978,18,1,18,0.016
wescon-tools,2026-06-30 16:08:39.078,216,1,216,0.099
wescon-tools,2026-06-30 16:08:39.105,36,1,36,0.026
wescon-tools,2026-06-30 16:08:39.110,2,1,2,0.005
wescon-tools,2026-06-30 16:11:01.432,774,1,774,0.699
wescon-tools,2026-06-30 16:11:01.999,774,1,774,0.550
wescon-tools,2026-06-30 16:11:02.030,18,1,18,0.024
wescon-tools,2026-06-30 16:11:06.905,1465,2,1465,3.741
wescon-tools,2026-06-30 16:11:07.114,18,1,18,0.029
wescon-tools,2026-06-30 16:11:07.136,18,1,18,0.018
wescon-tools,2026-06-30 16:11:07.277,216,1,216,0.122
wescon-tools,2026-06-30 16:11:07.327,36,1,36,0.032
wescon-tools,2026-06-30 16:11:07.338,2,1,2,0.005
wescon-tools,2026-06-30 16:11:08.008,774,1,774,0.667
wescon-tools,2026-06-30 16:11:08.520,774,1,774,0.510
wescon-tools,2026-06-30 16:11:08.541,18,1,18,0.019
wescon-tools,2026-06-30 16:11:11.325,1465,2,1465,2.147
wescon-tools,2026-06-30 16:11:11.361,18,1,18,0.035
wescon-tools,2026-06-30 16:11:11.379,18,1,18,0.017
wescon-tools,2026-06-30 16:11:11.550,216,1,216,0.168
wescon-tools,2026-06-30 16:11:11.593,36,1,36,0.043
wescon-tools,2026-06-30 16:11:11.601,2,1,2,0.008
wescon-tools,2026-06-30 16:19:19.745,774,1,774,3.579
wescon-tools,2026-06-30 16:19:23.548,774,1,774,3.770
wescon-tools,2026-06-30 16:19:23.654,18,1,18,0.099
wescon-tools,2026-06-30 16:19:35.108,1465,2,1465,10.198
wescon-tools,2026-06-30 16:19:35.431,18,1,18,0.151
wescon-tools,2026-06-30 16:19:35.500,18,1,18,0.064
wescon-tools,2026-06-30 16:19:35.999,216,1,216,0.474
wescon-tools,2026-06-30 16:19:36.117,36,1,36,0.097
wescon-tools,2026-06-30 16:19:36.148,2,1,2,0.023
wescon-tools,2026-06-30 16:19:38.134,774,1,774,1.981
wescon-tools,2026-06-30 16:19:40.239,774,1,774,2.103
wescon-tools,2026-06-30 16:19:40.283,18,1,18,0.043
wescon-tools,2026-06-30 16:19:45.992,1465,2,1465,5.076
wescon-tools,2026-06-30 16:19:46.180,18,1,18,0.089
wescon-tools,2026-06-30 16:19:46.273,18,1,18,0.091
wescon-tools,2026-06-30 16:19:46.733,216,1,216,0.459
wescon-tools,2026-06-30 16:19:46.833,36,1,36,0.100
wescon-tools,2026-06-30 16:19:46.855,2,1,2,0.021
wescon-tools,2026-06-30 16:30:18.161,774,1,774,1.495
wescon-tools,2026-06-30 16:30:19.357,774,1,774,1.174
wescon-tools,2026-06-30 16:30:19.390,18,1,18,0.027
wescon-tools,2026-06-30 16:30:25.912,1465,2,1465,5.423
wescon-tools,2026-06-30 16:30:26.354,18,1,18,0.271
wescon-tools,2026-06-30 16:30:26.444,18,1,18,0.084
wescon-tools,2026-06-30 16:30:27.119,216,1,216,0.651
wescon-tools,2026-06-30 16:30:27.197,18,1,0,0.053
wescon-tools,2026-06-30 16:30:27.332,36,1,36,0.133
wescon-tools,2026-06-30 16:30:27.374,2,1,2,0.035
wescon-tools,2026-06-30 16:30:28.727,774,1,774,1.348
wescon-tools,2026-06-30 16:30:31.451,774,1,774,2.722
wescon-tools,2026-06-30 16:30:31.609,18,1,18,0.157
wescon-tools,2026-06-30 16:30:41.260,1465,2,1465,9.005
wescon-tools,2026-06-30 16:30:41.401,18,1,18,0.055
wescon-tools,2026-06-30 16:30:41.437,18,1,18,0.033
wescon-tools,2026-06-30 16:30:41.766,216,1,216,0.328
wescon-tools,2026-06-30 16:30:41.781,18,1,0,0.015
wescon-tools,2026-06-30 16:30:41.851,36,1,36,0.069
wescon-tools,2026-06-30 16:30:41.869,2,1,2,0.017
wescon-tools,2026-06-30 16:54:27.863,774,1,774,2.733
wescon-tools,2026-06-30 16:54:29.894,774,1,774,2.009
wescon-tools,2026-06-30 16:54:30.032,18,1,18,0.129
wescon-tools,2026-06-30 16:54:37.546,1465,2,1465,5.474
wescon-tools,2026-06-30 16:54:37.911,18,1,18,0.109
wescon-tools,2026-06-30 16:54:37.983,18,1,18,0.064
wescon-tools,2026-06-30 16:54:38.272,216,1,216,0.266
wescon-tools,2026-06-30 16:54:38.308,18,1,0,0.016
wescon-tools,2026-06-30 16:54:38.349,36,1,36,0.041
wescon-tools,2026-06-30 16:54:38.362,2,1,2,0.007
wescon-tools,2026-06-30 17:00:07.509,774,1,774,0.922
wescon-tools,2026-06-30 17:00:08.613,774,1,774,1.077
wescon-tools,2026-06-30 17:00:08.688,18,1,18,0.068
wescon-tools,2026-06-30 17:00:17.216,1465,2,1465,7.027
wescon-tools,2026-06-30 17:00:17.467,18,1,18,0.076
wescon-tools,2026-06-30 17:00:17.510,18,1,18,0.038
wescon-tools,2026-06-30 17:00:18.005,216,1,216,0.476
wescon-tools,2026-06-30 17:00:18.053,18,1,0,0.027
wescon-tools,2026-06-30 17:00:18.160,36,1,36,0.106
wescon-tools,2026-06-30 17:00:18.212,2,1,2,0.046
wescon-tools,2026-06-30 17:00:19.911,774,1,774,1.695
wescon-tools,2026-06-30 17:00:20.627,774,1,774,0.714
wescon-tools,2026-06-30 17:00:20.644,18,1,18,0.017
wescon-tools,2026-06-30 17:00:26.700,1465,2,1465,5.434
wescon-tools,2026-06-30 17:00:26.927,18,1,18,0.073
wescon-tools,2026-06-30 17:00:26.982,18,1,18,0.054
wescon-tools,2026-06-30 17:00:27.577,216,1,216,0.591
wescon-tools,2026-06-30 17:00:27.617,18,1,0,0.041
wescon-tools,2026-06-30 17:00:27.711,36,1,36,0.093
wescon-tools,2026-06-30 17:00:27.744,2,1,2,0.033
wescon-tools,2026-06-30 17:15:21.413,774,1,774,2.640
wescon-tools,2026-06-30 17:15:24.393,774,1,774,2.929
wescon-tools,2026-06-30 17:15:24.500,18,1,18,0.099
wescon-tools,2026-06-30 17:15:35.068,1465,2,1465,9.173
wescon-tools,2026-06-30 17:15:35.394,18,1,18,0.104
wescon-tools,2026-06-30 17:15:35.507,18,1,18,0.110
wescon-tools,2026-06-30 17:15:36.039,216,1,216,0.505
wescon-tools,2026-06-30 17:15:36.100,18,1,0,0.041
wescon-tools,2026-06-30 17:15:36.188,36,1,36,0.088
wescon-tools,2026-06-30 17:15:36.210,2,1,2,0.017
wescon-tools,2026-07-01 15:40:48.092,774,1,774,0.486
wescon-tools,2026-07-01 15:40:48.502,774,1,774,0.388
wescon-tools,2026-07-01 15:40:48.522,18,1,18,0.013
wescon-tools,2026-07-01 15:40:51.170,1465,2,1465,2.071
wescon-tools,2026-07-01 15:40:51.266,18,1,18,0.020
wescon-tools,2026-07-01 15:40:51.281,18,1,18,0.012
wescon-tools,2026-07-01 15:40:51.401,216,1,216,0.096
wescon-tools,2026-07-01 15:40:51.427,18,1,18,0.007
wescon-tools,2026-07-01 15:40:51.449,36,1,36,0.021
wescon-tools,2026-07-01 15:40:51.459,2,1,2,0.005
wescon-tools,2026-07-01 15:40:51.876,774,1,774,0.413
wescon-tools,2026-07-01 15:40:52.247,774,1,774,0.369
wescon-tools,2026-07-01 15:40:52.260,18,1,18,0.013
wescon-tools,2026-07-01 15:40:54.584,1465,2,1465,2.063
wescon-tools,2026-07-01 15:40:54.612,18,1,18,0.026
wescon-tools,2026-07-01 15:40:54.629,18,1,18,0.014
wescon-tools,2026-07-01 15:40:54.755,216,1,216,0.126
wescon-tools,2026-07-01 15:40:54.766,18,1,18,0.011
wescon-tools,2026-07-01 15:40:54.790,36,1,36,0.024
wescon-tools,2026-07-01 15:40:54.795,2,1,2,0.005
wescon-tools,2026-07-01 15:43:04.849,774,1,774,0.477
wescon-tools,2026-07-01 15:43:05.232,774,1,774,0.365
wescon-tools,2026-07-01 15:43:05.250,18,1,18,0.013
wescon-tools,2026-07-01 15:43:07.551,1465,2,1465,1.956
wescon-tools,2026-07-01 15:43:07.647,18,1,18,0.020
wescon-tools,2026-07-01 15:43:07.664,18,1,18,0.012
wescon-tools,2026-07-01 15:43:07.774,216,1,216,0.091
wescon-tools,2026-07-01 15:43:07.800,18,1,18,0.007
wescon-tools,2026-07-01 15:43:07.822,36,1,36,0.021
wescon-tools,2026-07-01 15:43:07.832,2,1,2,0.005
wescon-tools,2026-07-01 15:43:31.434,774,1,774,0.413
wescon-tools,2026-07-01 15:43:31.965,774,1,774,0.515
wescon-tools,2026-07-01 15:43:31.991,18,1,18,0.020
wescon-tools,2026-07-01 15:43:34.216,1465,2,1465,1.895
wescon-tools,2026-07-01 15:43:34.315,18,1,18,0.022
wescon-tools,2026-07-01 15:43:34.330,18,1,18,0.012
wescon-tools,2026-07-01 15:43:34.448,216,1,216,0.095
wescon-tools,2026-07-01 15:43:34.489,18,1,18,0.019
wescon-tools,2026-07-01 15:43:34.546,36,1,36,0.056
wescon-tools,2026-07-01 15:43:34.556,2,1,2,0.004
wescon-tools,2026-07-01 15:43:47.972,774,1,774,0.413
wescon-tools,2026-07-01 15:43:48.354,774,1,774,0.365
wescon-tools,2026-07-01 15:43:48.371,18,1,18,0.012
wescon-tools,2026-07-01 15:43:50.431,1465,2,1465,1.731
wescon-tools,2026-07-01 15:43:50.528,18,1,18,0.021
wescon-tools,2026-07-01 15:43:50.548,18,1,18,0.012
wescon-tools,2026-07-01 15:43:50.651,216,1,216,0.083
wescon-tools,2026-07-01 15:43:50.677,18,1,18,0.007
wescon-tools,2026-07-01 15:43:50.697,36,1,36,0.019
wescon-tools,2026-07-01 15:43:50.706,2,1,2,0.004
wescon-tools,2026-07-01 15:44:21.578,63,1,63,0.057
wescon-tools,2026-07-01 15:44:21.627,63,1,63,0.038
wescon-tools,2026-07-01 15:44:21.634,1,1,1,0.004
wescon-tools,2026-07-01 15:44:22.099,134,1,134,0.158
wescon-tools,2026-07-01 15:44:22.149,1,1,1,0.005
wescon-tools,2026-07-01 15:44:22.154,1,1,1,0.004
wescon-tools,2026-07-01 15:44:22.183,12,1,12,0.010
wescon-tools,2026-07-01 15:44:22.203,1,1,1,0.003
wescon-tools,2026-07-01 15:44:22.210,2,1,2,0.006
wescon-tools,2026-07-01 15:44:22.215,0,0,0,0.000
wescon-tools,2026-07-01 16:00:00.918,774,1,774,0.521
wescon-tools,2026-07-01 16:00:01.316,774,1,774,0.381
wescon-tools,2026-07-01 16:00:01.334,18,1,18,0.013
wescon-tools,2026-07-01 16:00:03.502,1465,2,1465,1.828
wescon-tools,2026-07-01 16:00:03.597,18,1,18,0.020
wescon-tools,2026-07-01 16:00:03.611,18,1,18,0.012
wescon-tools,2026-07-01 16:00:03.719,216,1,216,0.088
wescon-tools,2026-07-01 16:00:03.744,18,1,18,0.008
wescon-tools,2026-07-01 16:00:03.767,36,1,36,0.022
wescon-tools,2026-07-01 16:00:03.777,2,1,2,0.005
wescon-tools,2026-07-01 16:00:04.240,774,1,774,0.460
wescon-tools,2026-07-01 16:00:04.599,774,1,774,0.357
wescon-tools,2026-07-01 16:00:04.613,18,1,18,0.012
wescon-tools,2026-07-01 16:00:06.228,1465,2,1465,1.350
wescon-tools,2026-07-01 16:00:06.251,18,1,18,0.021
wescon-tools,2026-07-01 16:00:06.263,18,1,18,0.011
wescon-tools,2026-07-01 16:00:06.341,216,1,216,0.077
wescon-tools,2026-07-01 16:00:06.348,18,1,18,0.007
wescon-tools,2026-07-01 16:00:06.367,36,1,36,0.019
wescon-tools,2026-07-01 16:00:06.371,2,1,2,0.004
wescon-tools,2026-07-01 16:00:50.197,774,1,774,0.481
wescon-tools,2026-07-01 16:00:50.815,774,1,774,0.602
wescon-tools,2026-07-01 16:00:50.841,18,1,18,0.020
wescon-tools,2026-07-01 16:00:54.291,1465,2,1465,3.141
wescon-tools,2026-07-01 16:00:54.401,18,1,18,0.032
wescon-tools,2026-07-01 16:00:54.428,18,1,18,0.025
wescon-tools,2026-07-01 16:00:54.618,216,1,216,0.171
wescon-tools,2026-07-01 16:00:54.646,18,1,18,0.010
wescon-tools,2026-07-01 16:00:54.673,36,1,36,0.027
wescon-tools,2026-07-01 16:00:54.683,2,1,2,0.005
wescon-tools,2026-07-01 16:00:54.690,1,1,1,0.004
wescon-tools,2026-07-01 16:00:54.742,18,1,18,0.018
wescon-tools,2026-07-01 16:00:54.746,1,1,1,0.004
wescon-tools,2026-07-01 16:00:54.788,18,1,18,0.007
wescon-tools,2026-07-01 16:00:54.796,1,1,1,0.008
wescon-tools,2026-07-01 16:00:54.842,18,1,18,0.012
wescon-tools,2026-07-01 16:00:54.855,1,1,1,0.012
wescon-tools,2026-07-01 16:00:54.892,18,1,18,0.003
wescon-tools,2026-07-01 16:00:54.895,1,1,1,0.003
wescon-tools,2026-07-01 16:00:54.932,18,1,18,0.002
wescon-tools,2026-07-01 16:00:54.935,1,1,1,0.003
wescon-tools,2026-07-01 16:00:54.972,18,1,18,0.003
wescon-tools,2026-07-01 16:00:54.977,1,1,1,0.004
wescon-tools,2026-07-01 16:00:55.013,18,1,18,0.002
wescon-tools,2026-07-01 16:00:55.017,1,1,1,0.003
wescon-tools,2026-07-01 16:00:55.054,18,1,18,0.003
wescon-tools,2026-07-01 16:00:55.059,1,1,1,0.004
wescon-tools,2026-07-01 16:00:55.096,18,1,18,0.003
wescon-tools,2026-07-01 16:00:55.099,1,1,1,0.003
wescon-tools,2026-07-01 16:00:55.135,18,1,18,0.002
wescon-tools,2026-07-01 16:00:55.139,1,1,1,0.003
wescon-tools,2026-07-01 16:00:55.176,18,1,18,0.003
wescon-tools,2026-07-01 16:00:55.181,1,1,1,0.005
wescon-tools,2026-07-01 16:00:55.218,18,1,18,0.002
wescon-tools,2026-07-01 16:00:55.222,1,1,1,0.004
wescon-tools,2026-07-01 16:00:55.259,18,1,18,0.002
wescon-tools,2026-07-01 16:00:55.263,1,1,1,0.004
wescon-tools,2026-07-01 16:00:55.300,18,1,18,0.002
wescon-tools,2026-07-01 16:00:55.304,1,1,1,0.004
wescon-tools,2026-07-01 16:00:55.357,18,1,18,0.018
wescon-tools,2026-07-01 16:00:55.362,1,1,1,0.005
wescon-tools,2026-07-01 16:00:55.400,18,1,18,0.003
wescon-tools,2026-07-01 16:00:55.408,1,1,1,0.009
wescon-tools,2026-07-01 16:00:55.445,18,1,18,0.002
wescon-tools,2026-07-01 16:00:55.450,1,1,1,0.004
wescon-tools,2026-07-01 16:00:55.508,18,1,18,0.024
wescon-tools,2026-07-01 16:00:55.543,1,1,1,0.035
wescon-tools,2026-07-01 16:00:55.578,18,1,18,0.003
wescon-tools,2026-07-01 16:00:55.582,1,1,1,0.004
wescon-tools,2026-07-01 16:00:55.617,18,1,18,0.002
wescon-tools,2026-07-01 16:00:55.621,1,1,1,0.004
wescon-tools,2026-07-01 16:00:55.678,18,1,18,0.024
wescon-tools,2026-07-01 16:00:55.688,1,1,1,0.010
wescon-tools,2026-07-01 16:00:55.723,18,1,18,0.003
wescon-tools,2026-07-01 16:00:55.727,1,1,1,0.004
wescon-tools,2026-07-01 16:00:55.762,18,1,18,0.002
wescon-tools,2026-07-01 16:00:55.766,1,1,1,0.004
wescon-tools,2026-07-01 16:00:55.801,18,1,18,0.003
wescon-tools,2026-07-01 16:00:55.806,1,1,1,0.005
wescon-tools,2026-07-01 16:00:55.852,18,1,18,0.013
wescon-tools,2026-07-01 16:00:55.860,1,1,1,0.008
wescon-tools,2026-07-01 16:00:55.946,18,1,18,0.008
wescon-tools,2026-07-01 16:00:55.952,1,1,1,0.006
wescon-tools,2026-07-01 16:00:55.989,18,1,18,0.002
wescon-tools,2026-07-01 16:00:55.992,1,1,1,0.004
wescon-tools,2026-07-01 16:00:56.028,18,1,18,0.003
wescon-tools,2026-07-01 16:00:56.032,1,1,1,0.004
wescon-tools,2026-07-01 16:00:56.067,18,1,18,0.002
wescon-tools,2026-07-01 16:00:56.070,1,1,1,0.003
wescon-tools,2026-07-01 16:00:56.112,18,1,18,0.009
wescon-tools,2026-07-01 16:00:56.152,1,1,1,0.040
wescon-tools,2026-07-01 16:00:56.202,18,1,18,0.016
wescon-tools,2026-07-01 16:00:56.207,1,1,1,0.006
wescon-tools,2026-07-01 16:00:56.243,18,1,18,0.003
wescon-tools,2026-07-01 16:00:56.248,1,1,1,0.004
wescon-tools,2026-07-01 16:00:56.284,18,1,18,0.003
wescon-tools,2026-07-01 16:00:56.287,1,1,1,0.004
wescon-tools,2026-07-01 16:00:56.325,18,1,18,0.005
wescon-tools,2026-07-01 16:00:56.334,1,1,1,0.009
wescon-tools,2026-07-01 16:00:56.401,18,1,18,0.034
wescon-tools,2026-07-01 16:00:56.418,1,1,1,0.017
wescon-tools,2026-07-01 16:00:56.456,18,1,18,0.005
wescon-tools,2026-07-01 16:00:56.472,1,1,1,0.016
wescon-tools,2026-07-01 16:00:56.512,18,1,18,0.007
wescon-tools,2026-07-01 16:00:56.519,1,1,1,0.007
wescon-tools,2026-07-01 16:00:56.554,18,1,18,0.002
wescon-tools,2026-07-01 16:00:56.558,1,1,1,0.004
wescon-tools,2026-07-01 16:00:56.593,18,1,18,0.003
wescon-tools,2026-07-01 16:00:56.598,1,1,1,0.005
wescon-tools,2026-07-01 16:00:56.635,18,1,18,0.002
wescon-tools,2026-07-01 16:00:56.638,1,1,1,0.004
wescon-tools,2026-07-01 16:00:56.674,18,1,18,0.002
wescon-tools,2026-07-01 16:00:56.679,1,1,1,0.005
wescon-tools,2026-07-01 16:00:56.719,18,1,18,0.008
wescon-tools,2026-07-01 16:00:56.731,1,1,1,0.012
wescon-tools,2026-07-01 16:00:56.803,18,1,18,0.039
wescon-tools,2026-07-01 16:00:56.825,1,1,1,0.023
wescon-tools,2026-07-01 16:00:56.861,18,1,18,0.003
wescon-tools,2026-07-01 16:00:56.867,1,1,1,0.006
wescon-tools,2026-07-01 16:00:56.902,18,1,18,0.002
wescon-tools,2026-07-01 16:00:56.906,1,1,1,0.004
wescon-tools,2026-07-01 16:00:56.944,18,1,18,0.005
wescon-tools,2026-07-01 16:00:56.952,1,1,1,0.007
wescon-tools,2026-07-01 16:00:56.987,18,1,18,0.002
wescon-tools,2026-07-01 16:00:56.990,1,1,1,0.003
wescon-tools,2026-07-01 16:00:57.025,18,1,18,0.002
wescon-tools,2026-07-01 16:00:57.029,1,1,1,0.004
wescon-tools,2026-07-01 16:00:57.065,18,1,18,0.002
wescon-tools,2026-07-01 16:00:57.068,1,1,1,0.003
wescon-tools,2026-07-01 16:00:57.103,18,1,18,0.002
wescon-tools,2026-07-01 16:00:57.107,1,1,1,0.004
wescon-tools,2026-07-01 16:00:57.142,18,1,18,0.002
wescon-tools,2026-07-01 16:00:57.146,1,1,1,0.004
wescon-tools,2026-07-01 16:00:57.191,18,1,18,0.012
wescon-tools,2026-07-01 16:00:57.200,1,1,1,0.009
wescon-tools,2026-07-01 16:00:57.236,18,1,18,0.003
wescon-tools,2026-07-01 16:00:57.240,1,1,1,0.004
wescon-tools,2026-07-01 16:00:57.275,18,1,18,0.002
wescon-tools,2026-07-01 16:00:57.280,1,1,1,0.004
wescon-tools,2026-07-01 16:00:57.316,18,1,18,0.003
wescon-tools,2026-07-01 16:00:57.320,1,1,1,0.004
wescon-tools,2026-07-01 16:00:57.356,18,1,18,0.003
wescon-tools,2026-07-01 16:00:57.364,1,1,1,0.007
wescon-tools,2026-07-01 16:00:57.399,18,1,18,0.002
wescon-tools,2026-07-01 16:00:57.403,1,1,1,0.003
wescon-tools,2026-07-01 16:00:57.438,18,1,18,0.003
wescon-tools,2026-07-01 16:00:57.443,1,1,1,0.004
wescon-tools,2026-07-01 16:00:57.478,18,1,18,0.002
wescon-tools,2026-07-01 16:00:57.482,1,1,1,0.004
wescon-tools,2026-07-01 16:00:57.517,18,1,18,0.002
wescon-tools,2026-07-01 16:00:57.521,1,1,1,0.004
wescon-tools,2026-07-01 16:00:57.556,18,1,18,0.002
wescon-tools,2026-07-01 16:00:57.560,1,1,1,0.004
wescon-tools,2026-07-01 16:00:57.596,18,1,18,0.002
wescon-tools,2026-07-01 16:00:57.600,1,1,1,0.004
wescon-tools,2026-07-01 16:00:57.635,18,1,18,0.002
wescon-tools,2026-07-01 16:00:57.639,1,1,1,0.004
wescon-tools,2026-07-01 16:00:57.674,18,1,18,0.002
wescon-tools,2026-07-01 16:00:57.678,1,1,1,0.004
wescon-tools,2026-07-01 16:00:57.713,18,1,18,0.002
wescon-tools,2026-07-01 16:00:57.716,1,1,1,0.003
wescon-tools,2026-07-01 16:00:57.757,18,1,18,0.008
wescon-tools,2026-07-01 16:00:57.793,1,1,1,0.036
wescon-tools,2026-07-01 16:00:57.829,18,1,18,0.003
wescon-tools,2026-07-01 16:00:57.834,1,1,1,0.005
wescon-tools,2026-07-01 16:00:57.882,18,1,18,0.016
wescon-tools,2026-07-01 16:00:57.904,1,1,1,0.021
wescon-tools,2026-07-01 16:00:57.958,18,1,18,0.021
wescon-tools,2026-07-01 16:00:58.020,1,1,1,0.062
wescon-tools,2026-07-01 16:00:58.057,18,1,18,0.004
wescon-tools,2026-07-01 16:00:58.062,1,1,1,0.004
wescon-tools,2026-07-01 16:00:58.097,18,1,18,0.002
wescon-tools,2026-07-01 16:00:58.100,1,1,1,0.003
wescon-tools,2026-07-01 16:00:58.135,18,1,18,0.002
wescon-tools,2026-07-01 16:00:58.139,1,1,1,0.004
wescon-tools,2026-07-01 16:00:58.174,18,1,18,0.002
wescon-tools,2026-07-01 16:00:58.178,1,1,1,0.004
wescon-tools,2026-07-01 16:00:58.214,18,1,18,0.003
wescon-tools,2026-07-01 16:00:58.219,1,1,1,0.005
wescon-tools,2026-07-01 16:00:58.255,18,1,18,0.003
wescon-tools,2026-07-01 16:00:58.260,1,1,1,0.004
wescon-tools,2026-07-01 16:00:58.295,18,1,18,0.002
wescon-tools,2026-07-01 16:00:58.298,1,1,1,0.003
wescon-tools,2026-07-01 16:00:58.334,18,1,18,0.002
wescon-tools,2026-07-01 16:00:58.337,1,1,1,0.003
wescon-tools,2026-07-01 16:00:58.372,18,1,18,0.002
wescon-tools,2026-07-01 16:00:58.375,1,1,1,0.003
wescon-tools,2026-07-01 16:00:58.411,18,1,18,0.002
wescon-tools,2026-07-01 16:00:58.414,1,1,1,0.003
wescon-tools,2026-07-01 16:00:58.449,18,1,18,0.003
wescon-tools,2026-07-01 16:00:58.453,1,1,1,0.003
wescon-tools,2026-07-01 16:00:58.488,18,1,18,0.002
wescon-tools,2026-07-01 16:00:58.491,1,1,1,0.003
wescon-tools,2026-07-01 16:00:58.526,18,1,18,0.002
wescon-tools,2026-07-01 16:00:58.531,1,1,1,0.004
wescon-tools,2026-07-01 16:00:58.566,18,1,18,0.002
wescon-tools,2026-07-01 16:00:58.569,1,1,1,0.003
wescon-tools,2026-07-01 16:00:58.604,18,1,18,0.002
wescon-tools,2026-07-01 16:00:58.607,1,1,1,0.003
wescon-tools,2026-07-01 16:00:58.643,18,1,18,0.002
wescon-tools,2026-07-01 16:00:58.646,1,1,1,0.003
wescon-tools,2026-07-01 16:00:58.681,18,1,18,0.002
wescon-tools,2026-07-01 16:00:58.684,1,1,1,0.003
wescon-tools,2026-07-01 16:00:58.719,18,1,18,0.002
wescon-tools,2026-07-01 16:00:58.723,1,1,1,0.003
wescon-tools,2026-07-01 16:00:58.758,18,1,18,0.003
wescon-tools,2026-07-01 16:00:58.769,1,1,1,0.011
wescon-tools,2026-07-01 16:00:58.805,18,1,18,0.002
wescon-tools,2026-07-01 16:00:58.808,1,1,1,0.003
wescon-tools,2026-07-01 16:00:58.843,18,1,18,0.002
wescon-tools,2026-07-01 16:00:58.847,1,1,1,0.004
wescon-tools,2026-07-01 16:00:58.882,18,1,18,0.002
wescon-tools,2026-07-01 16:00:58.885,1,1,1,0.003
wescon-tools,2026-07-01 16:00:58.921,18,1,18,0.002
wescon-tools,2026-07-01 16:00:58.924,1,1,1,0.003
wescon-tools,2026-07-01 16:00:58.960,18,1,18,0.002
wescon-tools,2026-07-01 16:00:58.963,1,1,1,0.003
wescon-tools,2026-07-01 16:00:58.998,18,1,18,0.002
wescon-tools,2026-07-01 16:00:59.002,1,1,1,0.004
wescon-tools,2026-07-01 16:00:59.037,18,1,18,0.002
wescon-tools,2026-07-01 16:00:59.040,1,1,1,0.003
wescon-tools,2026-07-01 16:00:59.076,18,1,18,0.004
wescon-tools,2026-07-01 16:00:59.085,1,1,1,0.009
wescon-tools,2026-07-01 16:00:59.120,18,1,18,0.002
wescon-tools,2026-07-01 16:00:59.126,1,1,1,0.006
wescon-tools,2026-07-01 16:00:59.163,18,1,18,0.004
wescon-tools,2026-07-01 16:00:59.174,1,1,1,0.011
wescon-tools,2026-07-01 16:00:59.211,18,1,18,0.004
wescon-tools,2026-07-01 16:00:59.215,1,1,1,0.004
wescon-tools,2026-07-01 16:00:59.250,18,1,18,0.002
wescon-tools,2026-07-01 16:00:59.254,1,1,1,0.003
wescon-tools,2026-07-01 16:00:59.289,18,1,18,0.002
wescon-tools,2026-07-01 16:00:59.292,1,1,1,0.003
wescon-tools,2026-07-01 16:00:59.327,18,1,18,0.002
wescon-tools,2026-07-01 16:00:59.331,1,1,1,0.003
wescon-tools,2026-07-01 16:00:59.366,18,1,18,0.002
wescon-tools,2026-07-01 16:00:59.370,1,1,1,0.004
wescon-tools,2026-07-01 16:00:59.404,18,1,18,0.002
wescon-tools,2026-07-01 16:00:59.408,1,1,1,0.003
wescon-tools,2026-07-01 16:00:59.443,18,1,18,0.002
wescon-tools,2026-07-01 16:00:59.446,1,1,1,0.003
wescon-tools,2026-07-01 16:00:59.482,18,1,18,0.003
wescon-tools,2026-07-01 16:00:59.489,1,1,1,0.007
wescon-tools,2026-07-01 16:00:59.531,18,1,18,0.009
wescon-tools,2026-07-01 16:00:59.535,1,1,1,0.004
wescon-tools,2026-07-01 16:00:59.570,18,1,18,0.002
wescon-tools,2026-07-01 16:00:59.574,1,1,1,0.003
wescon-tools,2026-07-01 16:00:59.609,18,1,18,0.002
wescon-tools,2026-07-01 16:00:59.612,1,1,1,0.003
wescon-tools,2026-07-01 16:00:59.647,18,1,18,0.002
wescon-tools,2026-07-01 16:00:59.651,1,1,1,0.003
wescon-tools,2026-07-01 16:00:59.686,18,1,18,0.002
wescon-tools,2026-07-01 16:00:59.689,1,1,1,0.003
wescon-tools,2026-07-01 16:00:59.724,18,1,18,0.002
wescon-tools,2026-07-01 16:00:59.728,1,1,1,0.003
wescon-tools,2026-07-01 16:00:59.763,18,1,18,0.002
wescon-tools,2026-07-01 16:00:59.766,1,1,1,0.003
wescon-tools,2026-07-01 16:00:59.802,18,1,18,0.002
wescon-tools,2026-07-01 16:00:59.805,1,1,1,0.004
wescon-tools,2026-07-01 16:00:59.841,18,1,18,0.002
wescon-tools,2026-07-01 16:00:59.845,1,1,1,0.004
wescon-tools,2026-07-01 16:00:59.880,18,1,18,0.002
wescon-tools,2026-07-01 16:00:59.884,1,1,1,0.004
wescon-tools,2026-07-01 16:00:59.920,18,1,18,0.002
wescon-tools,2026-07-01 16:00:59.923,1,1,1,0.003
wescon-tools,2026-07-01 16:00:59.958,18,1,18,0.002
wescon-tools,2026-07-01 16:00:59.961,1,1,1,0.004
wescon-tools,2026-07-01 16:01:00.000,18,1,18,0.006
wescon-tools,2026-07-01 16:01:00.022,1,1,1,0.021
wescon-tools,2026-07-01 16:01:00.058,18,1,18,0.004
wescon-tools,2026-07-01 16:01:00.065,1,1,1,0.006
wescon-tools,2026-07-01 16:01:00.100,18,1,18,0.002
wescon-tools,2026-07-01 16:01:00.103,1,1,1,0.003
wescon-tools,2026-07-01 16:01:00.139,18,1,18,0.002
wescon-tools,2026-07-01 16:01:00.143,1,1,1,0.004
wescon-tools,2026-07-01 16:01:00.178,18,1,18,0.002
wescon-tools,2026-07-01 16:01:00.181,1,1,1,0.003
wescon-tools,2026-07-01 16:01:00.217,18,1,18,0.002
wescon-tools,2026-07-01 16:01:00.221,1,1,1,0.004
wescon-tools,2026-07-01 16:01:00.256,18,1,18,0.002
wescon-tools,2026-07-01 16:01:00.260,1,1,1,0.003
wescon-tools,2026-07-01 16:01:00.295,18,1,18,0.002
wescon-tools,2026-07-01 16:01:00.298,1,1,1,0.003
wescon-tools,2026-07-01 16:01:00.333,18,1,18,0.002
wescon-tools,2026-07-01 16:01:00.336,1,1,1,0.003
wescon-tools,2026-07-01 16:01:00.389,18,1,18,0.016
wescon-tools,2026-07-01 16:01:00.395,1,1,1,0.006
wescon-tools,2026-07-01 16:01:00.430,18,1,18,0.002
wescon-tools,2026-07-01 16:01:00.433,1,1,1,0.003
wescon-tools,2026-07-01 16:01:00.469,18,1,18,0.002
wescon-tools,2026-07-01 16:01:00.472,1,1,1,0.004
wescon-tools,2026-07-01 16:01:00.507,18,1,18,0.002
wescon-tools,2026-07-01 16:01:00.511,1,1,1,0.003
wescon-tools,2026-07-01 16:01:00.545,18,1,18,0.002
wescon-tools,2026-07-01 16:01:00.549,1,1,1,0.003
wescon-tools,2026-07-01 16:01:00.584,18,1,18,0.002
wescon-tools,2026-07-01 16:01:00.587,1,1,1,0.003
wescon-tools,2026-07-01 16:01:00.622,18,1,18,0.002
wescon-tools,2026-07-01 16:01:00.626,1,1,1,0.004
wescon-tools,2026-07-01 16:01:00.661,18,1,18,0.002
wescon-tools,2026-07-01 16:01:00.664,1,1,1,0.003
wescon-tools,2026-07-01 16:01:00.699,18,1,18,0.002
wescon-tools,2026-07-01 16:01:00.702,1,1,1,0.003
wescon-tools,2026-07-01 16:01:00.737,18,1,18,0.002
wescon-tools,2026-07-01 16:01:00.740,1,1,1,0.003
wescon-tools,2026-07-01 16:01:00.775,18,1,18,0.002
wescon-tools,2026-07-01 16:01:00.780,1,1,1,0.004
wescon-tools,2026-07-01 16:01:00.815,18,1,18,0.002
wescon-tools,2026-07-01 16:01:00.818,1,1,1,0.003
wescon-tools,2026-07-01 16:01:00.860,18,1,18,0.009
wescon-tools,2026-07-01 16:01:00.872,1,1,1,0.012
wescon-tools,2026-07-01 16:01:00.908,18,1,18,0.003
wescon-tools,2026-07-01 16:01:00.911,1,1,1,0.003
wescon-tools,2026-07-01 16:01:00.946,18,1,18,0.003
wescon-tools,2026-07-01 16:01:00.957,1,1,1,0.010
wescon-tools,2026-07-01 16:01:00.992,18,1,18,0.002
wescon-tools,2026-07-01 16:01:00.995,1,1,1,0.003
wescon-tools,2026-07-01 16:01:01.030,18,1,18,0.002
wescon-tools,2026-07-01 16:01:01.033,1,1,1,0.003
wescon-tools,2026-07-01 16:01:01.069,18,1,18,0.002
wescon-tools,2026-07-01 16:01:01.072,1,1,1,0.003
wescon-tools,2026-07-01 16:01:01.107,18,1,18,0.003
wescon-tools,2026-07-01 16:01:01.111,1,1,1,0.004
wescon-tools,2026-07-01 16:01:01.146,18,1,18,0.002
wescon-tools,2026-07-01 16:01:01.150,1,1,1,0.003
wescon-tools,2026-07-01 16:01:01.185,18,1,18,0.002
wescon-tools,2026-07-01 16:01:01.190,1,1,1,0.005
wescon-tools,2026-07-01 16:01:01.225,18,1,18,0.002
wescon-tools,2026-07-01 16:01:01.229,1,1,1,0.003
wescon-tools,2026-07-01 16:01:01.264,18,1,18,0.003
wescon-tools,2026-07-01 16:01:01.271,1,1,1,0.007
wescon-tools,2026-07-01 16:01:01.307,18,1,18,0.002
wescon-tools,2026-07-01 16:01:01.310,1,1,1,0.003
wescon-tools,2026-07-01 16:01:01.347,18,1,18,0.002
wescon-tools,2026-07-01 16:01:01.351,1,1,1,0.003
wescon-tools,2026-07-01 16:01:01.386,18,1,18,0.002
wescon-tools,2026-07-01 16:01:01.390,1,1,1,0.004
wescon-tools,2026-07-01 16:01:01.426,18,1,18,0.002
wescon-tools,2026-07-01 16:01:01.430,1,1,1,0.003
wescon-tools,2026-07-01 16:01:01.467,18,1,18,0.002
wescon-tools,2026-07-01 16:01:01.470,1,1,1,0.003
wescon-tools,2026-07-01 16:01:01.506,18,1,18,0.002
wescon-tools,2026-07-01 16:01:01.510,1,1,1,0.004
wescon-tools,2026-07-01 16:01:01.547,18,1,18,0.002
wescon-tools,2026-07-01 16:01:01.551,1,1,1,0.003
wescon-tools,2026-07-01 16:01:01.587,18,1,18,0.002
wescon-tools,2026-07-01 16:01:01.590,1,1,1,0.003
wescon-tools,2026-07-01 16:01:01.627,18,1,18,0.002
wescon-tools,2026-07-01 16:01:01.630,1,1,1,0.003
wescon-tools,2026-07-01 16:01:01.667,18,1,18,0.002
wescon-tools,2026-07-01 16:01:01.671,1,1,1,0.004
wescon-tools,2026-07-01 16:01:01.706,18,1,18,0.002
wescon-tools,2026-07-01 16:01:01.709,1,1,1,0.003
wescon-tools,2026-07-01 16:01:01.744,18,1,18,0.002
wescon-tools,2026-07-01 16:01:01.747,1,1,1,0.003
wescon-tools,2026-07-01 16:01:01.782,18,1,18,0.002
wescon-tools,2026-07-01 16:01:01.785,1,1,1,0.003
wescon-tools,2026-07-01 16:01:01.821,18,1,18,0.002
wescon-tools,2026-07-01 16:01:01.824,1,1,1,0.003
wescon-tools,2026-07-01 16:01:01.859,18,1,18,0.002
wescon-tools,2026-07-01 16:01:01.862,1,1,1,0.003
wescon-tools,2026-07-01 16:01:01.897,18,1,18,0.002
wescon-tools,2026-07-01 16:01:01.901,1,1,1,0.004
wescon-tools,2026-07-01 16:01:01.937,18,1,18,0.002
wescon-tools,2026-07-01 16:01:01.940,1,1,1,0.003
wescon-tools,2026-07-01 16:01:01.975,18,1,18,0.002
wescon-tools,2026-07-01 16:01:01.979,1,1,1,0.004
wescon-tools,2026-07-01 16:01:02.014,18,1,18,0.002
wescon-tools,2026-07-01 16:01:02.017,1,1,1,0.003
wescon-tools,2026-07-01 16:01:02.053,18,1,18,0.002
wescon-tools,2026-07-01 16:01:02.057,1,1,1,0.004
wescon-tools,2026-07-01 16:01:02.092,18,1,18,0.002
wescon-tools,2026-07-01 16:01:02.095,1,1,1,0.003
wescon-tools,2026-07-01 16:01:02.130,18,1,18,0.002
wescon-tools,2026-07-01 16:01:02.134,1,1,1,0.003
wescon-tools,2026-07-01 16:01:02.169,18,1,18,0.002
wescon-tools,2026-07-01 16:01:02.173,1,1,1,0.004
wescon-tools,2026-07-01 16:01:02.208,18,1,18,0.002
wescon-tools,2026-07-01 16:01:02.211,1,1,1,0.004
wescon-tools,2026-07-01 16:01:02.247,18,1,18,0.002
wescon-tools,2026-07-01 16:01:02.250,1,1,1,0.003
wescon-tools,2026-07-01 16:01:02.285,18,1,18,0.002
wescon-tools,2026-07-01 16:01:02.289,1,1,1,0.003
wescon-tools,2026-07-01 16:01:02.324,18,1,18,0.002
wescon-tools,2026-07-01 16:01:02.328,1,1,1,0.004
wescon-tools,2026-07-01 16:01:02.363,18,1,18,0.002
wescon-tools,2026-07-01 16:01:02.366,1,1,1,0.003
wescon-tools,2026-07-01 16:01:02.401,18,1,18,0.002
wescon-tools,2026-07-01 16:01:02.406,1,1,1,0.004
wescon-tools,2026-07-01 16:01:02.441,18,1,18,0.002
wescon-tools,2026-07-01 16:01:02.445,1,1,1,0.003
wescon-tools,2026-07-01 16:01:02.480,18,1,18,0.002
wescon-tools,2026-07-01 16:01:02.483,1,1,1,0.003
wescon-tools,2026-07-01 16:01:02.518,18,1,18,0.002
wescon-tools,2026-07-01 16:01:02.522,1,1,1,0.003
wescon-tools,2026-07-01 16:01:02.557,18,1,18,0.002
wescon-tools,2026-07-01 16:01:02.560,1,1,1,0.003
wescon-tools,2026-07-01 16:01:02.595,18,1,18,0.002
wescon-tools,2026-07-01 16:01:02.599,1,1,1,0.004
wescon-tools,2026-07-01 16:01:02.634,18,1,18,0.002
wescon-tools,2026-07-01 16:01:02.637,1,1,1,0.003
wescon-tools,2026-07-01 16:01:02.672,18,1,18,0.002
wescon-tools,2026-07-01 16:01:02.676,1,1,1,0.004
wescon-tools,2026-07-01 16:01:02.712,18,1,18,0.003
wescon-tools,2026-07-01 16:01:02.715,1,1,1,0.003
wescon-tools,2026-07-01 16:01:02.750,18,1,18,0.002
wescon-tools,2026-07-01 16:01:02.754,1,1,1,0.004
wescon-tools,2026-07-01 16:01:02.790,18,1,18,0.002
wescon-tools,2026-07-01 16:01:02.793,1,1,1,0.003
wescon-tools,2026-07-01 16:01:02.828,18,1,18,0.002
wescon-tools,2026-07-01 16:01:02.832,1,1,1,0.004
wescon-tools,2026-07-01 16:01:02.868,18,1,18,0.002
wescon-tools,2026-07-01 16:01:02.871,1,1,1,0.003
wescon-tools,2026-07-01 16:01:02.906,18,1,18,0.002
wescon-tools,2026-07-01 16:01:02.910,1,1,1,0.003
wescon-tools,2026-07-01 16:01:02.945,18,1,18,0.002
wescon-tools,2026-07-01 16:01:02.948,1,1,1,0.003
wescon-tools,2026-07-01 16:01:02.983,18,1,18,0.002
wescon-tools,2026-07-01 16:01:02.987,1,1,1,0.004
wescon-tools,2026-07-01 16:01:03.022,18,1,18,0.002
wescon-tools,2026-07-01 16:01:03.025,1,1,1,0.003
wescon-tools,2026-07-01 16:01:03.060,18,1,18,0.002
wescon-tools,2026-07-01 16:01:03.064,1,1,1,0.004
wescon-tools,2026-07-01 16:01:03.099,18,1,18,0.002
wescon-tools,2026-07-01 16:01:03.102,1,1,1,0.003
wescon-tools,2026-07-01 16:01:03.138,18,1,18,0.002
wescon-tools,2026-07-01 16:01:03.141,1,1,1,0.003
wescon-tools,2026-07-01 16:01:03.176,18,1,18,0.002
wescon-tools,2026-07-01 16:01:03.180,1,1,1,0.003
wescon-tools,2026-07-01 16:01:03.215,18,1,18,0.002
wescon-tools,2026-07-01 16:01:03.218,1,1,1,0.004
wescon-tools,2026-07-01 16:01:03.254,18,1,18,0.003
wescon-tools,2026-07-01 16:01:03.257,1,1,1,0.003
wescon-tools,2026-07-01 16:01:03.293,18,1,18,0.002
wescon-tools,2026-07-01 16:01:03.296,1,1,1,0.003
wescon-tools,2026-07-01 16:01:03.332,18,1,18,0.002
wescon-tools,2026-07-01 16:01:03.335,1,1,1,0.003
wescon-tools,2026-07-01 16:01:03.370,18,1,18,0.002
wescon-tools,2026-07-01 16:01:03.374,1,1,1,0.004
wescon-tools,2026-07-01 16:01:03.409,18,1,18,0.002
wescon-tools,2026-07-01 16:01:03.412,1,1,1,0.003
wescon-tools,2026-07-01 16:01:03.447,18,1,18,0.002
wescon-tools,2026-07-01 16:01:03.451,1,1,1,0.004
wescon-tools,2026-07-01 16:01:03.487,18,1,18,0.002
wescon-tools,2026-07-01 16:01:03.490,1,1,1,0.003
wescon-tools,2026-07-01 16:01:03.526,18,1,18,0.002
wescon-tools,2026-07-01 16:01:03.529,1,1,1,0.003
wescon-tools,2026-07-01 16:01:03.565,18,1,18,0.002
wescon-tools,2026-07-01 16:01:03.568,1,1,1,0.003
wescon-tools,2026-07-01 16:01:03.603,18,1,18,0.002
wescon-tools,2026-07-01 16:01:03.607,1,1,1,0.004
wescon-tools,2026-07-01 16:01:03.643,18,1,18,0.003
wescon-tools,2026-07-01 16:01:03.647,1,1,1,0.004
wescon-tools,2026-07-01 16:01:03.682,18,1,18,0.002
wescon-tools,2026-07-01 16:01:03.686,1,1,1,0.004
wescon-tools,2026-07-01 16:01:03.722,18,1,18,0.003
wescon-tools,2026-07-01 16:01:03.726,1,1,1,0.004
wescon-tools,2026-07-01 16:01:03.761,18,1,18,0.002
wescon-tools,2026-07-01 16:01:03.765,1,1,1,0.004
wescon-tools,2026-07-01 16:01:03.800,18,1,18,0.002
wescon-tools,2026-07-01 16:01:03.803,1,1,1,0.003
wescon-tools,2026-07-01 16:01:03.838,18,1,18,0.002
wescon-tools,2026-07-01 16:01:03.842,1,1,1,0.003
wescon-tools,2026-07-01 16:01:03.877,18,1,18,0.002
wescon-tools,2026-07-01 16:01:03.881,1,1,1,0.003
wescon-tools,2026-07-01 16:01:03.916,18,1,18,0.002
wescon-tools,2026-07-01 16:01:03.920,1,1,1,0.004
wescon-tools,2026-07-01 16:01:03.955,18,1,18,0.002
wescon-tools,2026-07-01 16:01:03.959,1,1,1,0.004
wescon-tools,2026-07-01 16:01:03.994,18,1,18,0.002
wescon-tools,2026-07-01 16:01:03.998,1,1,1,0.004
wescon-tools,2026-07-01 16:01:04.033,18,1,18,0.002
wescon-tools,2026-07-01 16:01:04.036,1,1,1,0.004
wescon-tools,2026-07-01 16:01:04.072,18,1,18,0.002
wescon-tools,2026-07-01 16:01:04.075,1,1,1,0.003
wescon-tools,2026-07-01 16:01:04.110,18,1,18,0.002
wescon-tools,2026-07-01 16:01:04.113,1,1,1,0.003
wescon-tools,2026-07-01 16:01:04.148,18,1,18,0.002
wescon-tools,2026-07-01 16:01:04.151,1,1,1,0.003
wescon-tools,2026-07-01 16:01:04.237,18,1,18,0.002
wescon-tools,2026-07-01 16:01:04.241,1,1,1,0.003
wescon-tools,2026-07-01 16:01:04.276,18,1,18,0.002
wescon-tools,2026-07-01 16:01:04.279,1,1,1,0.003
wescon-tools,2026-07-01 16:01:04.315,18,1,18,0.002
wescon-tools,2026-07-01 16:01:04.318,1,1,1,0.003
wescon-tools,2026-07-01 16:01:04.353,18,1,18,0.002
wescon-tools,2026-07-01 16:01:04.357,1,1,1,0.003
wescon-tools,2026-07-01 16:01:04.392,18,1,18,0.002
wescon-tools,2026-07-01 16:01:04.395,1,1,1,0.003
wescon-tools,2026-07-01 16:01:04.431,18,1,18,0.002
wescon-tools,2026-07-01 16:01:04.434,1,1,1,0.003
wescon-tools,2026-07-01 16:01:04.469,18,1,18,0.002
wescon-tools,2026-07-01 16:01:04.473,1,1,1,0.004
wescon-tools,2026-07-01 16:01:04.509,18,1,18,0.002
wescon-tools,2026-07-01 16:01:04.513,1,1,1,0.003
wescon-tools,2026-07-01 16:01:04.548,18,1,18,0.002
wescon-tools,2026-07-01 16:01:04.552,1,1,1,0.004
wescon-tools,2026-07-01 16:01:04.588,18,1,18,0.002
wescon-tools,2026-07-01 16:01:04.591,1,1,1,0.003
wescon-tools,2026-07-01 16:01:04.594,1,1,1,0.003
wescon-tools,2026-07-01 16:01:04.597,1,1,1,0.002
wescon-tools,2026-07-01 16:01:04.601,1,1,1,0.002
wescon-tools,2026-07-01 16:01:04.604,1,1,1,0.002
wescon-tools,2026-07-01 16:01:04.607,1,1,1,0.002
wescon-tools,2026-07-01 16:01:04.610,1,1,1,0.002
wescon-tools,2026-07-01 16:01:04.613,1,1,1,0.002
wescon-tools,2026-07-01 16:01:04.617,1,1,1,0.003
wescon-tools,2026-07-01 16:01:04.620,1,1,1,0.002
wescon-tools,2026-07-01 16:01:04.623,1,1,1,0.002
wescon-tools,2026-07-01 16:01:04.626,1,1,1,0.002
wescon-tools,2026-07-01 16:01:04.630,1,1,1,0.003
wescon-tools,2026-07-01 16:01:04.634,1,1,1,0.003
wescon-tools,2026-07-01 16:01:04.637,1,1,1,0.002
wescon-tools,2026-07-01 16:01:04.640,1,1,1,0.002
wescon-tools,2026-07-01 16:01:04.643,1,1,1,0.002
wescon-tools,2026-07-01 16:01:04.647,1,1,1,0.002
wescon-tools,2026-07-01 16:01:04.652,1,1,1,0.004
wescon-tools,2026-07-01 16:01:04.661,1,1,1,0.004
wescon-tools,2026-07-01 16:01:04.669,1,1,1,0.004
wescon-tools,2026-07-01 16:01:04.678,1,1,1,0.004
wescon-tools,2026-07-01 16:01:04.687,1,1,1,0.004
wescon-tools,2026-07-01 16:01:04.696,1,1,1,0.004
wescon-tools,2026-07-01 16:01:04.705,1,1,1,0.003
wescon-tools,2026-07-01 16:01:04.713,1,1,1,0.004
wescon-tools,2026-07-01 16:01:04.722,1,1,1,0.004
wescon-tools,2026-07-01 16:01:04.731,1,1,1,0.004
wescon-tools,2026-07-01 16:01:04.740,1,1,1,0.004
wescon-tools,2026-07-01 16:01:04.749,1,1,1,0.003
wescon-tools,2026-07-01 16:01:04.758,1,1,1,0.004
wescon-tools,2026-07-01 16:01:04.766,1,1,1,0.004
wescon-tools,2026-07-01 16:01:04.775,1,1,1,0.003
wescon-tools,2026-07-01 16:01:04.783,1,1,1,0.003
wescon-tools,2026-07-01 16:01:04.792,1,1,1,0.003
wescon-tools,2026-07-01 16:01:04.800,1,1,1,0.004
wescon-tools,2026-07-01 16:01:04.809,1,1,1,0.004
wescon-tools,2026-07-01 16:01:04.818,1,1,1,0.004
wescon-tools,2026-07-01 16:01:04.826,1,1,1,0.004
wescon-tools,2026-07-01 16:01:04.835,1,1,1,0.004
wescon-tools,2026-07-01 16:01:04.844,1,1,1,0.004
wescon-tools,2026-07-01 16:01:04.852,1,1,1,0.003
wescon-tools,2026-07-01 16:01:04.861,1,1,1,0.003
wescon-tools,2026-07-01 16:01:04.869,1,1,1,0.004
wescon-tools,2026-07-01 16:01:04.878,1,1,1,0.004
wescon-tools,2026-07-01 16:01:04.887,1,1,1,0.004
wescon-tools,2026-07-01 16:01:04.895,1,1,1,0.004
wescon-tools,2026-07-01 16:01:04.904,1,1,1,0.004
wescon-tools,2026-07-01 16:01:04.913,1,1,1,0.004
wescon-tools,2026-07-01 16:01:04.922,1,1,1,0.004
wescon-tools,2026-07-01 16:01:04.930,1,1,1,0.004
wescon-tools,2026-07-01 16:01:04.939,1,1,1,0.004
wescon-tools,2026-07-01 16:01:04.948,1,1,1,0.004
wescon-tools,2026-07-01 16:01:04.957,1,1,1,0.004
wescon-tools,2026-07-01 16:01:04.965,1,1,1,0.003
wescon-tools,2026-07-01 16:01:04.971,1,1,1,0.003
wescon-tools,2026-07-01 16:01:56.585,774,1,774,0.477
wescon-tools,2026-07-01 16:01:57.021,774,1,774,0.418
wescon-tools,2026-07-01 16:01:57.039,18,1,18,0.012
wescon-tools,2026-07-01 16:01:59.171,1465,2,1465,1.824
wescon-tools,2026-07-01 16:01:59.267,18,1,18,0.021
wescon-tools,2026-07-01 16:01:59.282,18,1,18,0.012
wescon-tools,2026-07-01 16:01:59.413,216,1,216,0.111
wescon-tools,2026-07-01 16:01:59.439,18,1,18,0.008
wescon-tools,2026-07-01 16:01:59.462,36,1,36,0.022
wescon-tools,2026-07-01 16:01:59.472,2,1,2,0.005
wescon-tools,2026-07-01 16:28:20.505,774,1,774,1.240
wescon-tools,2026-07-01 16:28:22.431,774,1,774,1.892
wescon-tools,2026-07-01 16:28:22.560,18,1,18,0.122
wescon-tools,2026-07-01 16:28:28.244,1465,2,1465,5.147
wescon-tools,2026-07-01 16:28:28.447,18,1,18,0.082
wescon-tools,2026-07-01 16:28:28.572,18,1,18,0.123
wescon-tools,2026-07-01 16:28:28.998,216,1,216,0.401
wescon-tools,2026-07-01 16:28:29.035,18,1,18,0.015
wescon-tools,2026-07-01 16:28:29.078,36,1,36,0.042
wescon-tools,2026-07-01 16:28:29.093,2,1,2,0.009
wescon-tools,2026-07-01 16:28:30.823,774,1,774,1.725
wescon-tools,2026-07-01 16:28:32.546,774,1,774,1.721
wescon-tools,2026-07-01 16:28:32.571,18,1,18,0.024
wescon-tools,2026-07-01 16:28:36.447,1465,2,1465,3.615
wescon-tools,2026-07-01 16:28:36.494,18,1,18,0.040
wescon-tools,2026-07-01 16:28:36.554,18,1,18,0.058
wescon-tools,2026-07-01 16:28:36.885,216,1,216,0.331
wescon-tools,2026-07-01 16:28:36.922,18,1,18,0.036
wescon-tools,2026-07-01 16:28:36.982,36,1,36,0.060
wescon-tools,2026-07-01 16:28:36.988,2,1,2,0.006
wescon-tools,2026-07-01 16:30:35.228,774,1,774,0.488
wescon-tools,2026-07-01 16:30:35.641,774,1,774,0.396
wescon-tools,2026-07-01 16:30:35.661,18,1,18,0.013
wescon-tools,2026-07-01 16:30:38.034,1465,2,1465,2.023
wescon-tools,2026-07-01 16:30:38.131,18,1,18,0.020
wescon-tools,2026-07-01 16:30:38.152,18,1,18,0.016
wescon-tools,2026-07-01 16:30:38.294,216,1,216,0.123
wescon-tools,2026-07-01 16:30:38.320,18,1,18,0.007
wescon-tools,2026-07-01 16:30:38.343,36,1,36,0.023
wescon-tools,2026-07-01 16:30:38.353,2,1,2,0.004
wescon-tools,2026-07-01 16:30:38.753,774,1,774,0.397
wescon-tools,2026-07-01 16:30:39.117,774,1,774,0.363
wescon-tools,2026-07-01 16:30:39.130,18,1,18,0.012
wescon-tools,2026-07-01 16:30:40.758,1465,2,1465,1.364
wescon-tools,2026-07-01 16:30:40.780,18,1,18,0.020
wescon-tools,2026-07-01 16:30:40.800,18,1,18,0.016
wescon-tools,2026-07-01 16:30:40.900,216,1,216,0.100
wescon-tools,2026-07-01 16:30:40.907,18,1,18,0.007
wescon-tools,2026-07-01 16:30:40.925,36,1,36,0.018
wescon-tools,2026-07-01 16:30:40.929,2,1,2,0.004
wescon-tools,2026-07-01 16:30:58.521,774,1,774,0.463
wescon-tools,2026-07-01 16:30:58.925,774,1,774,0.388
wescon-tools,2026-07-01 16:30:58.946,18,1,18,0.013
wescon-tools,2026-07-01 16:31:01.087,1465,2,1465,1.814
wescon-tools,2026-07-01 16:31:01.187,18,1,18,0.022
wescon-tools,2026-07-01 16:31:01.207,18,1,18,0.017
wescon-tools,2026-07-01 16:31:01.341,216,1,216,0.115
wescon-tools,2026-07-01 16:31:01.367,18,1,18,0.006
wescon-tools,2026-07-01 16:31:01.388,36,1,36,0.021
wescon-tools,2026-07-01 16:31:01.398,2,1,2,0.005
wescon-tools,2026-07-01 16:31:10.331,63,1,63,0.051
wescon-tools,2026-07-01 16:31:10.380,63,1,63,0.037
wescon-tools,2026-07-01 16:31:10.386,1,1,1,0.004
wescon-tools,2026-07-01 16:31:10.851,134,1,134,0.158
wescon-tools,2026-07-01 16:31:10.904,1,1,1,0.005
wescon-tools,2026-07-01 16:31:10.909,1,1,1,0.004
wescon-tools,2026-07-01 16:31:10.950,12,1,12,0.022
wescon-tools,2026-07-01 16:31:10.971,1,1,1,0.003
wescon-tools,2026-07-01 16:31:10.978,2,1,2,0.006
wescon-tools,2026-07-01 16:31:10.983,0,0,0,0.000
wescon-tools,2026-07-01 16:45:22.737,63,1,63,0.070
wescon-tools,2026-07-01 16:45:22.803,63,1,63,0.053
wescon-tools,2026-07-01 16:45:22.810,1,1,1,0.005
wescon-tools,2026-07-01 16:45:23.545,134,1,134,0.180
wescon-tools,2026-07-01 16:45:23.598,1,1,1,0.006
wescon-tools,2026-07-01 16:45:23.603,1,1,1,0.004
wescon-tools,2026-07-01 16:45:23.646,12,1,12,0.024
wescon-tools,2026-07-01 16:45:23.666,1,1,1,0.003
wescon-tools,2026-07-01 16:45:23.674,2,1,2,0.007
wescon-tools,2026-07-01 16:45:23.679,0,0,0,0.000
wescon-tools,2026-07-01 16:46:02.166,63,1,63,0.081
wescon-tools,2026-07-01 16:46:02.223,63,1,63,0.044
wescon-tools,2026-07-01 16:46:02.231,1,1,1,0.005
wescon-tools,2026-07-01 16:46:02.853,134,1,134,0.191
wescon-tools,2026-07-01 16:46:02.905,1,1,1,0.006
wescon-tools,2026-07-01 16:46:02.923,1,1,1,0.016
wescon-tools,2026-07-01 16:46:02.969,12,1,12,0.027
wescon-tools,2026-07-01 16:46:02.990,1,1,1,0.004
wescon-tools,2026-07-01 16:46:02.999,2,1,2,0.008
wescon-tools,2026-07-01 16:46:03.004,0,0,0,0.000
wescon-tools,2026-07-01 17:00:20.967,63,1,63,0.066
wescon-tools,2026-07-01 17:00:21.020,63,1,63,0.040
wescon-tools,2026-07-01 17:00:21.027,1,1,1,0.005
wescon-tools,2026-07-01 17:00:21.547,134,1,134,0.180
wescon-tools,2026-07-01 17:00:21.606,1,1,1,0.014
wescon-tools,2026-07-01 17:00:21.613,1,1,1,0.006
wescon-tools,2026-07-01 17:00:21.659,12,1,12,0.027
wescon-tools,2026-07-01 17:00:21.680,1,1,1,0.003
wescon-tools,2026-07-01 17:00:21.689,2,1,2,0.008
wescon-tools,2026-07-01 17:00:21.694,0,0,0,0.000
wescon-tools,2026-07-01 17:01:51.269,63,1,63,0.079
wescon-tools,2026-07-01 17:01:51.321,63,1,63,0.038
wescon-tools,2026-07-01 17:01:51.328,1,1,1,0.004
wescon-tools,2026-07-01 17:01:51.822,134,1,134,0.166
wescon-tools,2026-07-01 17:01:51.874,1,1,1,0.006
wescon-tools,2026-07-01 17:01:51.879,1,1,1,0.004
wescon-tools,2026-07-01 17:01:51.921,12,1,12,0.023
wescon-tools,2026-07-01 17:01:51.942,1,1,1,0.003
wescon-tools,2026-07-01 17:01:51.950,2,1,2,0.007
wescon-tools,2026-07-01 17:01:51.955,0,0,0,0.000
wescon-tools,2026-07-01 17:02:22.810,63,1,63,0.090
wescon-tools,2026-07-01 17:02:22.865,63,1,63,0.042
wescon-tools,2026-07-01 17:02:22.875,1,1,1,0.007
wescon-tools,2026-07-01 17:02:23.390,134,1,134,0.157
wescon-tools,2026-07-01 17:02:23.441,1,1,1,0.006
wescon-tools,2026-07-01 17:02:23.447,1,1,1,0.005
wescon-tools,2026-07-01 17:02:23.494,12,1,12,0.027
wescon-tools,2026-07-01 17:02:23.531,1,1,1,0.019
wescon-tools,2026-07-01 17:02:23.540,2,1,2,0.008
wescon-tools,2026-07-01 17:02:23.545,0,0,0,0.000
wescon-tools,2026-07-01 17:02:23.548,0,0,0,0.000
wescon-tools,2026-07-01 17:04:42.962,63,1,63,0.081
wescon-tools,2026-07-01 17:04:43.021,63,1,63,0.047
wescon-tools,2026-07-01 17:04:43.028,1,1,1,0.005
wescon-tools,2026-07-01 17:04:43.588,134,1,134,0.224
wescon-tools,2026-07-01 17:04:43.639,1,1,1,0.006
wescon-tools,2026-07-01 17:04:43.645,1,1,1,0.005
wescon-tools,2026-07-01 17:04:43.692,12,1,12,0.028
wescon-tools,2026-07-01 17:04:43.715,1,1,1,0.005
wescon-tools,2026-07-01 17:04:43.724,2,1,2,0.008
wescon-tools,2026-07-01 17:04:43.729,0,0,0,0.000
wescon-tools,2026-07-01 17:04:43.732,0,0,0,0.000
wescon-tools,2026-07-01 17:05:28.434,63,1,63,0.072
wescon-tools,2026-07-01 17:05:28.483,63,1,63,0.036
wescon-tools,2026-07-01 17:05:28.490,1,1,1,0.004
wescon-tools,2026-07-01 17:05:29.022,134,1,134,0.167
wescon-tools,2026-07-01 17:05:29.074,1,1,1,0.006
wescon-tools,2026-07-01 17:05:29.080,1,1,1,0.005
wescon-tools,2026-07-01 17:05:29.124,12,1,12,0.024
wescon-tools,2026-07-01 17:05:29.146,1,1,1,0.004
wescon-tools,2026-07-01 17:05:29.155,2,1,2,0.008
wescon-tools,2026-07-01 17:05:29.160,0,0,0,0.000
wescon-tools,2026-07-01 17:05:29.163,0,0,0,0.000
wescon-tools,2026-07-01 17:06:34.053,63,1,63,0.096
wescon-tools,2026-07-01 17:06:34.115,63,1,63,0.050
wescon-tools,2026-07-01 17:06:34.123,1,1,1,0.005
wescon-tools,2026-07-01 17:06:34.638,134,1,134,0.182
wescon-tools,2026-07-01 17:06:34.689,1,1,1,0.006
wescon-tools,2026-07-01 17:06:34.695,1,1,1,0.004
wescon-tools,2026-07-01 17:06:34.736,12,1,12,0.022
wescon-tools,2026-07-01 17:06:34.758,1,1,1,0.003
wescon-tools,2026-07-01 17:06:34.766,2,1,2,0.007
wescon-tools,2026-07-01 17:06:34.771,0,0,0,0.000
wescon-tools,2026-07-01 17:06:34.774,0,0,0,0.000
wescon-tools,2026-07-01 17:09:30.733,63,1,63,0.069
wescon-tools,2026-07-01 17:09:30.783,63,1,63,0.037
wescon-tools,2026-07-01 17:09:30.789,1,1,1,0.004
wescon-tools,2026-07-01 17:09:31.302,134,1,134,0.179
wescon-tools,2026-07-01 17:09:31.352,1,1,1,0.006
wescon-tools,2026-07-01 17:09:31.364,1,1,1,0.011
wescon-tools,2026-07-01 17:09:31.412,12,1,12,0.028
wescon-tools,2026-07-01 17:09:31.434,1,1,1,0.003
wescon-tools,2026-07-01 17:09:31.444,2,1,2,0.009
wescon-tools,2026-07-01 17:09:31.449,0,0,0,0.000
wescon-tools,2026-07-01 17:09:31.452,0,0,0,0.000
wescon-tools,2026-07-01 17:09:44.215,63,1,63,0.064
wescon-tools,2026-07-01 17:09:44.265,63,1,63,0.038
wescon-tools,2026-07-01 17:09:44.273,1,1,1,0.005
wescon-tools,2026-07-01 17:09:44.735,134,1,134,0.156
wescon-tools,2026-07-01 17:09:44.787,1,1,1,0.007
wescon-tools,2026-07-01 17:09:44.796,1,1,1,0.007
wescon-tools,2026-07-01 17:09:44.837,12,1,12,0.021
wescon-tools,2026-07-01 17:09:44.859,1,1,1,0.003
wescon-tools,2026-07-01 17:09:44.868,2,1,2,0.008
wescon-tools,2026-07-01 17:09:44.873,0,0,0,0.000
wescon-tools,2026-07-01 17:09:44.876,0,0,0,0.000
wescon-tools,2026-07-01 17:12:58.955,63,1,63,0.102
wescon-tools,2026-07-01 17:12:59.016,63,1,63,0.048
wescon-tools,2026-07-01 17:12:59.024,1,1,1,0.006
wescon-tools,2026-07-01 17:12:59.662,134,1,134,0.290
wescon-tools,2026-07-01 17:12:59.717,1,1,1,0.009
wescon-tools,2026-07-01 17:12:59.724,1,1,1,0.006
wescon-tools,2026-07-01 17:12:59.786,12,1,12,0.040
wescon-tools,2026-07-01 17:12:59.838,1,1,1,0.033
wescon-tools,2026-07-01 17:12:59.860,2,1,2,0.021
wescon-tools,2026-07-01 17:12:59.865,0,0,0,0.000
wescon-tools,2026-07-01 17:12:59.868,0,0,0,0.000
wescon-tools,2026-07-01 17:18:20.365,63,1,63,0.128
wescon-tools,2026-07-01 17:18:20.451,63,1,63,0.072
wescon-tools,2026-07-01 17:18:20.459,1,1,1,0.005
wescon-tools,2026-07-01 17:18:21.080,134,1,134,0.225
wescon-tools,2026-07-01 17:18:21.135,1,1,1,0.008
wescon-tools,2026-07-01 17:18:21.144,1,1,1,0.008
wescon-tools,2026-07-01 17:18:21.209,12,1,12,0.044
wescon-tools,2026-07-01 17:18:21.234,1,1,1,0.006
wescon-tools,2026-07-01 17:18:21.256,2,1,2,0.020
wescon-tools,2026-07-01 17:18:21.261,0,0,0,0.000
wescon-tools,2026-07-01 17:18:21.264,0,0,0,0.000
wescon-tools,2026-07-02 09:37:52.741,774,1,774,1.003
wescon-tools,2026-07-02 09:37:53.347,774,1,774,0.589
wescon-tools,2026-07-02 09:37:53.404,18,1,18,0.052
wescon-tools,2026-07-02 09:37:56.675,1465,2,1465,2.731
wescon-tools,2026-07-02 09:37:56.786,18,1,18,0.025
wescon-tools,2026-07-02 09:37:56.814,18,1,18,0.026
wescon-tools,2026-07-02 09:37:56.995,216,1,216,0.154
wescon-tools,2026-07-02 09:37:57.025,18,1,18,0.009
wescon-tools,2026-07-02 09:37:57.052,36,1,36,0.025
wescon-tools,2026-07-02 09:37:57.063,2,1,2,0.006
wescon-tools,2026-07-02 09:37:57.068,1,1,0,0.003
wescon-tools,2026-07-02 10:07:11.721,774,1,774,0.835
wescon-tools,2026-07-02 10:07:12.349,774,1,774,0.612
wescon-tools,2026-07-02 10:07:12.371,18,1,18,0.016
wescon-tools,2026-07-02 10:07:16.387,1465,2,1465,3.636
wescon-tools,2026-07-02 10:07:16.512,18,1,18,0.038
wescon-tools,2026-07-02 10:07:16.579,18,1,18,0.064
wescon-tools,2026-07-02 10:07:16.840,216,1,216,0.240
wescon-tools,2026-07-02 10:07:16.878,18,1,18,0.011
wescon-tools,2026-07-02 10:07:16.942,36,1,36,0.062
wescon-tools,2026-07-02 10:07:16.954,2,1,2,0.006
wescon-tools,2026-07-02 10:07:16.960,1,1,1,0.003
wescon-tools,2026-07-02 10:07:17.685,774,1,774,0.718
wescon-tools,2026-07-02 10:07:18.415,774,1,774,0.728
wescon-tools,2026-07-02 10:07:18.431,18,1,18,0.016
wescon-tools,2026-07-02 10:07:21.649,1465,2,1465,2.948
wescon-tools,2026-07-02 10:07:21.706,18,1,18,0.051
wescon-tools,2026-07-02 10:07:21.750,18,1,18,0.043
wescon-tools,2026-07-02 10:07:22.021,216,1,216,0.266
wescon-tools,2026-07-02 10:07:22.029,18,1,18,0.008
wescon-tools,2026-07-02 10:07:22.060,36,1,36,0.031
wescon-tools,2026-07-02 10:07:22.067,2,1,2,0.006
wescon-tools,2026-07-02 10:07:22.070,1,1,1,0.004
wescon-tools,2026-07-02 10:08:15.205,774,1,774,0.752
wescon-tools,2026-07-02 10:08:15.707,774,1,774,0.486
wescon-tools,2026-07-02 10:08:15.729,18,1,18,0.017
wescon-tools,2026-07-02 10:08:18.560,1465,2,1465,2.493
wescon-tools,2026-07-02 10:08:18.674,18,1,18,0.022
wescon-tools,2026-07-02 10:08:18.698,18,1,18,0.022
wescon-tools,2026-07-02 10:08:18.944,216,1,216,0.224
wescon-tools,2026-07-02 10:08:18.980,18,1,18,0.013
wescon-tools,2026-07-02 10:08:19.024,36,1,36,0.043
wescon-tools,2026-07-02 10:08:19.033,1,1,0,0.003
wescon-tools,2026-07-02 10:08:19.041,2,1,2,0.006
wescon-tools,2026-07-02 10:08:19.047,1,1,1,0.003
wescon-tools,2026-07-02 10:08:19.658,774,1,774,0.609
wescon-tools,2026-07-02 10:08:20.636,774,1,774,0.976
wescon-tools,2026-07-02 10:08:20.666,18,1,18,0.029
wescon-tools,2026-07-02 10:08:23.165,1465,2,1465,2.219
wescon-tools,2026-07-02 10:08:23.192,18,1,18,0.024
wescon-tools,2026-07-02 10:08:23.213,18,1,18,0.021
wescon-tools,2026-07-02 10:08:23.396,216,1,216,0.183
wescon-tools,2026-07-02 10:08:23.404,18,1,18,0.008
wescon-tools,2026-07-02 10:08:23.434,36,1,36,0.029
wescon-tools,2026-07-02 10:08:23.436,1,1,0,0.002
wescon-tools,2026-07-02 10:08:23.441,2,1,2,0.005
wescon-tools,2026-07-02 10:08:23.444,1,1,1,0.003
wescon-tools,2026-07-02 10:08:49.421,774,1,774,0.566
wescon-tools,2026-07-02 10:08:49.945,774,1,774,0.507
wescon-tools,2026-07-02 10:08:49.974,18,1,18,0.024
wescon-tools,2026-07-02 10:08:52.465,1465,2,1465,2.183
wescon-tools,2026-07-02 10:08:52.595,18,1,18,0.049
wescon-tools,2026-07-02 10:08:52.617,18,1,18,0.019
wescon-tools,2026-07-02 10:08:52.855,216,1,216,0.217
wescon-tools,2026-07-02 10:08:52.891,18,1,18,0.016
wescon-tools,2026-07-02 10:08:52.918,36,1,36,0.026
wescon-tools,2026-07-02 10:08:52.926,1,1,0,0.002
wescon-tools,2026-07-02 10:08:52.933,2,1,2,0.005
wescon-tools,2026-07-02 10:08:52.938,1,1,1,0.003
wescon-tools,2026-07-02 10:08:53.460,774,1,774,0.517
wescon-tools,2026-07-02 10:08:54.229,774,1,774,0.767
wescon-tools,2026-07-02 10:08:54.295,18,1,18,0.065
wescon-tools,2026-07-02 10:08:56.374,1465,2,1465,1.752
wescon-tools,2026-07-02 10:08:56.401,18,1,18,0.026
wescon-tools,2026-07-02 10:08:56.427,18,1,18,0.022
wescon-tools,2026-07-02 10:08:56.562,216,1,216,0.134
wescon-tools,2026-07-02 10:08:56.571,18,1,18,0.010
wescon-tools,2026-07-02 10:08:56.600,36,1,36,0.029
wescon-tools,2026-07-02 10:08:56.603,1,1,0,0.002
wescon-tools,2026-07-02 10:08:56.608,2,1,2,0.005
wescon-tools,2026-07-02 10:08:56.613,1,1,1,0.005
wescon-tools,2026-07-02 10:11:45.275,774,1,774,0.596
wescon-tools,2026-07-02 10:11:45.869,774,1,774,0.577
wescon-tools,2026-07-02 10:11:45.894,18,1,18,0.019
wescon-tools,2026-07-02 10:11:49.205,1465,2,1465,2.966
wescon-tools,2026-07-02 10:11:49.316,18,1,18,0.026
wescon-tools,2026-07-02 10:11:49.346,18,1,18,0.022
wescon-tools,2026-07-02 10:11:49.495,216,1,216,0.127
wescon-tools,2026-07-02 10:11:49.523,18,1,18,0.008
wescon-tools,2026-07-02 10:11:49.554,36,1,36,0.030
wescon-tools,2026-07-02 10:11:49.562,1,1,0,0.002
wescon-tools,2026-07-02 10:11:49.569,2,1,2,0.005
wescon-tools,2026-07-02 10:11:49.575,1,1,1,0.003
wescon-tools,2026-07-02 10:11:50.182,774,1,774,0.605
wescon-tools,2026-07-02 10:11:50.865,774,1,774,0.681
wescon-tools,2026-07-02 10:11:50.883,18,1,18,0.018
wescon-tools,2026-07-02 10:11:53.847,1465,2,1465,2.695
wescon-tools,2026-07-02 10:11:53.889,18,1,18,0.023
wescon-tools,2026-07-02 10:11:53.918,18,1,18,0.024
wescon-tools,2026-07-02 10:11:54.084,216,1,216,0.166
wescon-tools,2026-07-02 10:11:54.093,18,1,18,0.008
wescon-tools,2026-07-02 10:11:54.136,36,1,36,0.043
wescon-tools,2026-07-02 10:11:54.140,1,1,0,0.003
wescon-tools,2026-07-02 10:11:54.148,2,1,2,0.009
wescon-tools,2026-07-02 10:11:54.154,1,1,1,0.006
wescon-tools,2026-07-02 10:14:27.245,11,1,11,0.057
wescon-tools,2026-07-02 10:14:27.286,11,1,11,0.029
wescon-tools,2026-07-02 10:14:27.294,1,1,1,0.006
wescon-tools,2026-07-02 10:14:27.678,6,1,6,0.024
wescon-tools,2026-07-02 10:14:27.723,1,1,1,0.004
wescon-tools,2026-07-02 10:14:27.731,1,1,1,0.007
wescon-tools,2026-07-02 10:14:27.783,12,1,12,0.031
wescon-tools,2026-07-02 10:14:27.805,1,1,1,0.004
wescon-tools,2026-07-02 10:14:27.815,2,1,2,0.008
wescon-tools,2026-07-02 10:14:27.820,0,0,0,0.000
wescon-tools,2026-07-02 10:14:27.822,0,0,0,0.000
wescon-tools,2026-07-02 10:14:27.825,0,0,0,0.000
wescon-tools,2026-07-02 10:14:28.198,11,1,11,0.017
wescon-tools,2026-07-02 10:14:28.290,11,1,11,0.015
wescon-tools,2026-07-02 10:14:28.295,1,1,1,0.003
wescon-tools,2026-07-02 10:14:28.627,6,1,6,0.068
wescon-tools,2026-07-02 10:14:28.674,1,1,1,0.008
wescon-tools,2026-07-02 10:14:28.697,1,1,1,0.022
wescon-tools,2026-07-02 10:14:28.824,12,1,12,0.107
wescon-tools,2026-07-02 10:14:28.855,1,1,1,0.012
wescon-tools,2026-07-02 10:14:28.879,2,1,2,0.022
wescon-tools,2026-07-02 10:14:28.884,0,0,0,0.000
wescon-tools,2026-07-02 10:14:28.886,0,0,0,0.000
wescon-tools,2026-07-02 10:14:28.889,0,0,0,0.000
wescon-tools,2026-07-02 10:14:57.130,774,1,774,2.368
wescon-tools,2026-07-02 10:14:58.864,774,1,774,1.702
wescon-tools,2026-07-02 10:14:58.914,18,1,18,0.044
wescon-tools,2026-07-02 10:15:05.298,1465,2,1465,6.014
wescon-tools,2026-07-02 10:15:05.417,18,1,18,0.033
wescon-tools,2026-07-02 10:15:05.468,18,1,18,0.048
wescon-tools,2026-07-02 10:15:05.862,216,1,216,0.373
wescon-tools,2026-07-02 10:15:05.903,18,1,18,0.020
wescon-tools,2026-07-02 10:15:05.983,36,1,36,0.077
wescon-tools,2026-07-02 10:15:05.998,1,1,0,0.009
wescon-tools,2026-07-02 10:15:06.015,2,1,2,0.015
wescon-tools,2026-07-02 10:15:06.026,1,1,1,0.009
wescon-tools,2026-07-02 10:29:15.159,774,1,774,0.539
wescon-tools,2026-07-02 10:29:15.744,774,1,774,0.567
wescon-tools,2026-07-02 10:29:15.768,18,1,18,0.016
wescon-tools,2026-07-02 10:29:18.783,1465,2,1465,2.626
wescon-tools,2026-07-02 10:29:18.883,18,1,18,0.023
wescon-tools,2026-07-02 10:29:18.912,18,1,18,0.023
wescon-tools,2026-07-02 10:29:19.139,216,1,216,0.205
wescon-tools,2026-07-02 10:29:19.168,18,1,18,0.009
wescon-tools,2026-07-02 10:29:19.199,36,1,36,0.028
wescon-tools,2026-07-02 10:29:19.209,1,1,1,0.005
wescon-tools,2026-07-02 10:29:19.217,2,1,2,0.005
wescon-tools,2026-07-02 10:29:19.223,1,1,1,0.004
wescon-tools,2026-07-02 10:29:19.823,774,1,774,0.597
wescon-tools,2026-07-02 10:29:20.276,774,1,774,0.452
wescon-tools,2026-07-02 10:29:20.292,18,1,18,0.014
wescon-tools,2026-07-02 10:29:22.440,1465,2,1465,1.631
wescon-tools,2026-07-02 10:29:22.478,18,1,18,0.035
wescon-tools,2026-07-02 10:29:22.504,18,1,18,0.022
wescon-tools,2026-07-02 10:29:22.671,216,1,216,0.166
wescon-tools,2026-07-02 10:29:22.680,18,1,18,0.009
wescon-tools,2026-07-02 10:29:22.711,36,1,36,0.031
wescon-tools,2026-07-02 10:29:22.715,1,1,1,0.004
wescon-tools,2026-07-02 10:29:22.720,2,1,2,0.005
wescon-tools,2026-07-02 10:29:22.726,1,1,1,0.005
wescon-tools,2026-07-02 11:21:29.929,774,1,774,0.868
wescon-tools,2026-07-02 11:21:30.781,774,1,774,0.832
wescon-tools,2026-07-02 11:21:30.810,18,1,18,0.024
wescon-tools,2026-07-02 11:21:34.559,1465,2,1465,3.353
wescon-tools,2026-07-02 11:21:34.669,18,1,18,0.023
wescon-tools,2026-07-02 11:21:34.701,18,1,18,0.030
wescon-tools,2026-07-02 11:21:34.886,216,1,216,0.161
wescon-tools,2026-07-02 11:21:34.916,18,1,18,0.008
wescon-tools,2026-07-02 11:21:34.949,36,1,36,0.030
wescon-tools,2026-07-02 11:21:34.961,1,1,1,0.005
wescon-tools,2026-07-02 11:21:34.971,2,1,2,0.007
wescon-tools,2026-07-02 11:21:34.984,1,1,1,0.008
wescon-tools,2026-07-02 11:21:46.428,774,1,774,0.737
wescon-tools,2026-07-02 11:21:47.427,774,1,774,0.983
wescon-tools,2026-07-02 11:21:47.468,18,1,18,0.034
wescon-tools,2026-07-02 11:21:50.003,1465,2,1465,2.228
wescon-tools,2026-07-02 11:21:50.120,18,1,18,0.021
wescon-tools,2026-07-02 11:21:50.144,18,1,18,0.019
wescon-tools,2026-07-02 11:21:50.393,216,1,216,0.229
wescon-tools,2026-07-02 11:21:50.446,18,1,18,0.030
wescon-tools,2026-07-02 11:21:50.531,36,1,36,0.082
wescon-tools,2026-07-02 11:21:50.544,1,1,1,0.006
wescon-tools,2026-07-02 11:21:50.556,2,1,2,0.009
wescon-tools,2026-07-02 11:21:50.565,1,1,1,0.004
wescon-tools,2026-07-02 11:23:09.655,774,1,774,2.192
wescon-tools,2026-07-02 11:23:11.986,774,1,774,2.259
wescon-tools,2026-07-02 11:23:12.282,18,1,18,0.290
wescon-tools,2026-07-02 11:23:16.369,1465,2,1465,3.644
wescon-tools,2026-07-02 11:23:16.472,18,1,18,0.025
wescon-tools,2026-07-02 11:23:16.558,18,1,18,0.084
wescon-tools,2026-07-02 11:23:16.813,216,1,216,0.233
wescon-tools,2026-07-02 11:23:16.863,18,1,18,0.028
wescon-tools,2026-07-02 11:23:16.927,36,1,36,0.062
wescon-tools,2026-07-02 11:23:16.938,1,1,1,0.004
wescon-tools,2026-07-02 11:23:16.949,2,1,2,0.007
wescon-tools,2026-07-02 11:23:16.959,1,1,1,0.006
wescon-tools,2026-07-02 11:47:49.786,774,1,774,0.537
wescon-tools,2026-07-02 11:47:50.197,774,1,774,0.395
wescon-tools,2026-07-02 11:47:50.216,18,1,18,0.013
wescon-tools,2026-07-02 11:47:52.584,1465,2,1465,1.971
wescon-tools,2026-07-02 11:47:52.682,18,1,18,0.021
wescon-tools,2026-07-02 11:47:52.711,18,1,18,0.026
wescon-tools,2026-07-02 11:47:52.860,216,1,216,0.123
wescon-tools,2026-07-02 11:47:52.889,18,1,18,0.009
wescon-tools,2026-07-02 11:47:52.926,36,1,36,0.035
wescon-tools,2026-07-02 11:47:52.936,1,1,1,0.003
wescon-tools,2026-07-02 11:47:52.942,2,1,2,0.004
wescon-tools,2026-07-02 11:47:52.948,1,1,1,0.002
wescon-tools,2026-07-02 11:47:53.371,774,1,774,0.420
wescon-tools,2026-07-02 11:47:53.744,774,1,774,0.372
wescon-tools,2026-07-02 11:47:53.757,18,1,18,0.012
wescon-tools,2026-07-02 11:47:55.961,1465,2,1465,1.942
wescon-tools,2026-07-02 11:47:55.988,18,1,18,0.025
wescon-tools,2026-07-02 11:47:56.015,18,1,18,0.022
wescon-tools,2026-07-02 11:47:56.140,216,1,216,0.125
wescon-tools,2026-07-02 11:47:56.148,18,1,18,0.008
wescon-tools,2026-07-02 11:47:56.181,36,1,36,0.033
wescon-tools,2026-07-02 11:47:56.184,1,1,1,0.003
wescon-tools,2026-07-02 11:47:56.188,2,1,2,0.004
wescon-tools,2026-07-02 11:47:56.191,1,1,1,0.002
wescon-tools,2026-07-02 11:48:02.359,774,1,774,0.465
wescon-tools,2026-07-02 11:48:02.802,774,1,774,0.425
wescon-tools,2026-07-02 11:48:02.819,18,1,18,0.012
wescon-tools,2026-07-02 11:48:04.820,1465,2,1465,1.702
wescon-tools,2026-07-02 11:48:04.919,18,1,18,0.021
wescon-tools,2026-07-02 11:48:04.943,18,1,18,0.018
wescon-tools,2026-07-02 11:48:05.082,216,1,216,0.118
wescon-tools,2026-07-02 11:48:05.111,18,1,18,0.008
wescon-tools,2026-07-02 11:48:05.151,36,1,36,0.038
wescon-tools,2026-07-02 11:48:05.161,1,1,1,0.003
wescon-tools,2026-07-02 11:48:05.168,2,1,2,0.005
wescon-tools,2026-07-02 11:48:05.175,1,1,1,0.003
wescon-tools,2026-07-02 11:55:18.808,774,1,774,2.481
wescon-tools,2026-07-02 11:55:21.032,774,1,774,2.197
wescon-tools,2026-07-02 11:55:21.199,18,1,18,0.161
wescon-tools,2026-07-02 11:55:29.159,1465,2,1465,7.330
wescon-tools,2026-07-02 11:55:29.294,18,1,18,0.039
wescon-tools,2026-07-02 11:55:29.355,18,1,18,0.058
wescon-tools,2026-07-02 11:55:29.616,216,1,216,0.231
wescon-tools,2026-07-02 11:55:29.653,18,1,18,0.014
wescon-tools,2026-07-02 11:55:29.737,36,1,36,0.082
wescon-tools,2026-07-02 11:55:29.752,1,1,1,0.008
wescon-tools,2026-07-02 11:55:29.762,2,1,2,0.008
wescon-tools,2026-07-02 11:55:29.770,1,1,1,0.003
wescon-tools,2026-07-02 11:55:30.406,774,1,774,0.634
wescon-tools,2026-07-02 11:55:31.151,774,1,774,0.744
wescon-tools,2026-07-02 11:55:31.236,18,1,18,0.084
wescon-tools,2026-07-02 11:55:36.009,1465,2,1465,4.451
wescon-tools,2026-07-02 11:55:36.057,18,1,18,0.042
wescon-tools,2026-07-02 11:55:36.123,18,1,18,0.064
wescon-tools,2026-07-02 11:55:36.514,216,1,216,0.391
wescon-tools,2026-07-02 11:55:36.542,18,1,18,0.027
wescon-tools,2026-07-02 11:55:36.768,36,1,36,0.225
wescon-tools,2026-07-02 11:55:36.785,1,1,1,0.017
wescon-tools,2026-07-02 11:55:36.821,2,1,2,0.036
wescon-tools,2026-07-02 11:55:36.826,1,1,1,0.005
wescon-tools,2026-07-02 13:14:25.638,774,1,774,0.615
wescon-tools,2026-07-02 13:14:26.244,774,1,774,0.589
wescon-tools,2026-07-02 13:14:26.272,18,1,18,0.022
wescon-tools,2026-07-02 13:14:29.047,1465,2,1465,2.393
wescon-tools,2026-07-02 13:14:29.160,18,1,18,0.023
wescon-tools,2026-07-02 13:14:29.182,18,1,18,0.019
wescon-tools,2026-07-02 13:14:29.338,216,1,216,0.133
wescon-tools,2026-07-02 13:14:29.371,18,1,18,0.011
wescon-tools,2026-07-02 13:14:29.419,36,1,36,0.046
wescon-tools,2026-07-02 13:14:29.430,1,1,1,0.004
wescon-tools,2026-07-02 13:14:29.440,2,1,2,0.006
wescon-tools,2026-07-02 13:14:29.446,1,1,1,0.003
wescon-tools,2026-07-02 13:14:29.958,774,1,774,0.505
wescon-tools,2026-07-02 13:14:30.410,774,1,774,0.451
wescon-tools,2026-07-02 13:14:30.425,18,1,18,0.013
wescon-tools,2026-07-02 13:14:32.578,1465,2,1465,1.881
wescon-tools,2026-07-02 13:14:32.602,18,1,18,0.022
wescon-tools,2026-07-02 13:14:32.627,18,1,18,0.020
wescon-tools,2026-07-02 13:14:32.771,216,1,216,0.144
wescon-tools,2026-07-02 13:14:32.780,18,1,18,0.009
wescon-tools,2026-07-02 13:14:32.844,36,1,36,0.064
wescon-tools,2026-07-02 13:14:32.862,1,1,1,0.017
wescon-tools,2026-07-02 13:14:32.870,2,1,2,0.008
wescon-tools,2026-07-02 13:14:32.875,1,1,1,0.005
wescon-tools,2026-07-02 13:19:21.236,774,1,774,0.770
wescon-tools,2026-07-02 13:19:21.702,774,1,774,0.450
wescon-tools,2026-07-02 13:19:21.727,18,1,18,0.017
wescon-tools,2026-07-02 13:19:24.304,1465,2,1465,2.219
wescon-tools,2026-07-02 13:19:24.882,774,1,774,0.519
wescon-tools,2026-07-02 13:19:25.348,774,1,774,0.465
wescon-tools,2026-07-02 13:19:25.366,18,1,18,0.017
wescon-tools,2026-07-02 13:19:27.317,1465,2,1465,1.684
wescon-tools,2026-07-02 13:21:34.158,774,1,774,0.711
wescon-tools,2026-07-02 13:21:34.630,774,1,774,0.454
wescon-tools,2026-07-02 13:21:34.672,18,1,18,0.034
wescon-tools,2026-07-02 13:21:37.570,1465,2,1465,2.297
wescon-tools,2026-07-02 13:21:37.664,1,1,1,0.032
wescon-tools,2026-07-02 13:21:37.744,18,1,18,0.011
wescon-tools,2026-07-02 13:31:44.309,68,1,68,0.073
wescon-tools,2026-07-02 13:31:44.369,68,1,68,0.047
wescon-tools,2026-07-02 13:31:44.376,1,1,1,0.004
wescon-tools,2026-07-02 13:31:45.308,141,1,141,0.227
wescon-tools,2026-07-02 13:58:14.450,774,1,774,0.456
wescon-tools,2026-07-02 13:58:14.845,774,1,774,0.374
wescon-tools,2026-07-02 13:58:14.864,18,1,18,0.013
wescon-tools,2026-07-02 13:58:17.581,1465,2,1465,2.092
wescon-tools,2026-07-02 14:00:12.507,68,1,68,0.073
wescon-tools,2026-07-02 14:00:12.569,68,1,68,0.048
wescon-tools,2026-07-02 14:00:12.575,1,1,1,0.004
wescon-tools,2026-07-02 14:00:13.372,141,1,141,0.185
wescon-tools,2026-07-02 14:00:13.425,1,1,1,0.006
wescon-tools,2026-07-02 14:00:13.431,1,1,1,0.005
wescon-tools,2026-07-02 14:00:13.487,12,1,12,0.031
wescon-tools,2026-07-02 14:00:13.512,1,1,1,0.004
wescon-tools,2026-07-02 14:00:13.524,2,1,2,0.009
wescon-tools,2026-07-02 14:00:13.530,0,0,0,0.000
wescon-tools,2026-07-02 14:00:13.533,0,0,0,0.000
wescon-tools,2026-07-02 14:00:13.537,0,0,0,0.000
wescon-tools,2026-07-02 14:35:53.586,68,1,68,0.071
wescon-tools,2026-07-02 14:35:53.644,68,1,68,0.044
wescon-tools,2026-07-02 14:35:53.651,1,1,1,0.004
wescon-tools,2026-07-02 14:35:54.253,141,1,141,0.215
wescon-tools,2026-07-02 14:35:54.307,1,1,1,0.006
wescon-tools,2026-07-02 14:35:54.314,1,1,1,0.006
wescon-tools,2026-07-02 14:35:54.364,12,1,12,0.026
wescon-tools,2026-07-02 14:35:54.388,1,1,1,0.003
wescon-tools,2026-07-02 14:35:54.398,2,1,2,0.007
wescon-tools,2026-07-02 14:35:54.404,0,0,0,0.000
wescon-tools,2026-07-02 14:35:54.407,0,0,0,0.000
wescon-tools,2026-07-02 14:35:54.410,0,0,0,0.000
wescon-tools,2026-07-02 14:35:54.457,68,1,68,0.045
wescon-tools,2026-07-02 14:35:54.502,68,1,68,0.044
wescon-tools,2026-07-02 14:35:54.506,1,1,1,0.004
wescon-tools,2026-07-02 14:35:55.082,141,1,141,0.165
wescon-tools,2026-07-02 14:35:55.089,1,1,1,0.006
wescon-tools,2026-07-02 14:35:55.094,1,1,1,0.005
wescon-tools,2026-07-02 14:35:55.116,12,1,12,0.021
wescon-tools,2026-07-02 14:35:55.120,1,1,1,0.004
wescon-tools,2026-07-02 14:35:55.129,2,1,2,0.009
wescon-tools,2026-07-02 14:35:55.129,0,0,0,0.000
wescon-tools,2026-07-02 14:35:55.129,0,0,0,0.000
wescon-tools,2026-07-02 14:35:55.129,0,0,0,0.000
wescon-tools,2026-07-02 14:39:29.172,68,1,68,0.084
wescon-tools,2026-07-02 14:39:29.235,68,1,68,0.049
wescon-tools,2026-07-02 14:39:29.242,1,1,1,0.004
wescon-tools,2026-07-02 14:39:29.807,141,1,141,0.204
wescon-tools,2026-07-02 14:39:29.859,1,1,1,0.006
wescon-tools,2026-07-02 14:39:29.865,1,1,1,0.005
wescon-tools,2026-07-02 14:39:29.917,12,1,12,0.030
wescon-tools,2026-07-02 14:39:29.941,1,1,1,0.004
wescon-tools,2026-07-02 14:39:29.953,2,1,2,0.009
wescon-tools,2026-07-02 14:39:29.959,0,0,0,0.000
wescon-tools,2026-07-02 14:39:29.961,0,0,0,0.000
wescon-tools,2026-07-02 14:39:29.965,0,0,0,0.000
wescon-tools,2026-07-02 14:39:30.015,68,1,68,0.048
wescon-tools,2026-07-02 14:39:30.058,68,1,68,0.042
wescon-tools,2026-07-02 14:39:30.062,1,1,1,0.004
wescon-tools,2026-07-02 14:39:30.594,141,1,141,0.167
wescon-tools,2026-07-02 14:39:30.601,1,1,1,0.006
wescon-tools,2026-07-02 14:39:30.605,1,1,1,0.005
wescon-tools,2026-07-02 14:39:30.625,12,1,12,0.019
wescon-tools,2026-07-02 14:39:30.628,1,1,1,0.003
wescon-tools,2026-07-02 14:39:30.636,2,1,2,0.008
wescon-tools,2026-07-02 14:39:30.636,0,0,0,0.000
wescon-tools,2026-07-02 14:39:30.636,0,0,0,0.000
wescon-tools,2026-07-02 14:39:30.636,0,0,0,0.000
wescon-tools,2026-07-02 14:43:11.753,68,1,68,0.100
wescon-tools,2026-07-02 14:43:11.822,68,1,68,0.056
wescon-tools,2026-07-02 14:43:11.829,1,1,1,0.004
wescon-tools,2026-07-02 14:43:12.428,141,1,141,0.238
wescon-tools,2026-07-02 14:43:12.482,1,1,1,0.006
wescon-tools,2026-07-02 14:43:12.489,1,1,1,0.006
wescon-tools,2026-07-02 14:43:12.551,12,1,12,0.032
wescon-tools,2026-07-02 14:43:12.574,1,1,1,0.003
wescon-tools,2026-07-02 14:43:12.584,2,1,2,0.009
wescon-tools,2026-07-02 14:43:12.590,0,0,0,0.000
wescon-tools,2026-07-02 14:43:12.593,0,0,0,0.000
wescon-tools,2026-07-02 14:43:12.596,0,0,0,0.000
wescon-tools,2026-07-02 14:43:12.647,68,1,68,0.049
wescon-tools,2026-07-02 14:43:12.686,68,1,68,0.038
wescon-tools,2026-07-02 14:43:12.689,1,1,1,0.003
wescon-tools,2026-07-02 14:43:13.182,141,1,141,0.160
wescon-tools,2026-07-02 14:43:13.190,1,1,1,0.007
wescon-tools,2026-07-02 14:43:13.201,1,1,1,0.011
wescon-tools,2026-07-02 14:43:13.223,12,1,12,0.022
wescon-tools,2026-07-02 14:43:13.226,1,1,1,0.003
wescon-tools,2026-07-02 14:43:13.234,2,1,2,0.008
wescon-tools,2026-07-02 14:43:13.234,0,0,0,0.000
wescon-tools,2026-07-02 14:43:13.234,0,0,0,0.000
wescon-tools,2026-07-02 14:43:13.234,0,0,0,0.000
wescon-tools,2026-07-02 14:44:04.867,68,1,68,0.070
wescon-tools,2026-07-02 14:44:04.932,68,1,68,0.051
wescon-tools,2026-07-02 14:44:04.939,1,1,1,0.005
wescon-tools,2026-07-02 14:44:05.470,141,1,141,0.190
wescon-tools,2026-07-02 14:44:05.522,1,1,1,0.006
wescon-tools,2026-07-02 14:44:05.529,1,1,1,0.006
wescon-tools,2026-07-02 14:44:05.577,12,1,12,0.026
wescon-tools,2026-07-02 14:44:05.600,1,1,1,0.003
wescon-tools,2026-07-02 14:44:05.611,2,1,2,0.009
wescon-tools,2026-07-02 14:44:05.617,0,0,0,0.000
wescon-tools,2026-07-02 14:44:05.619,0,0,0,0.000
wescon-tools,2026-07-02 14:44:05.623,0,0,0,0.000
wescon-tools,2026-07-02 14:44:05.673,68,1,68,0.048
wescon-tools,2026-07-02 14:44:05.715,68,1,68,0.041
wescon-tools,2026-07-02 14:44:05.719,1,1,1,0.004
wescon-tools,2026-07-02 14:44:06.215,141,1,141,0.149
wescon-tools,2026-07-02 14:44:06.222,1,1,1,0.006
wescon-tools,2026-07-02 14:44:06.226,1,1,1,0.005
wescon-tools,2026-07-02 14:44:06.247,12,1,12,0.020
wescon-tools,2026-07-02 14:44:06.250,1,1,1,0.003
wescon-tools,2026-07-02 14:44:06.258,2,1,2,0.008
wescon-tools,2026-07-02 14:44:06.258,0,0,0,0.000
wescon-tools,2026-07-02 14:44:06.258,0,0,0,0.000
wescon-tools,2026-07-02 14:44:06.258,0,0,0,0.000
wescon-tools,2026-07-02 14:45:21.021,774,1,774,0.538
wescon-tools,2026-07-02 14:45:21.448,774,1,774,0.409
wescon-tools,2026-07-02 14:45:21.468,18,1,18,0.013
wescon-tools,2026-07-02 14:45:23.667,1465,2,1465,1.814
wescon-tools,2026-07-02 14:45:23.755,1,1,1,0.015
wescon-tools,2026-07-02 14:45:23.777,18,1,18,0.020
wescon-tools,2026-07-02 14:46:14.067,1,1,1,0.006
wescon-tools,2026-07-02 14:50:42.511,774,1,774,0.695
wescon-tools,2026-07-02 14:50:43.090,774,1,774,0.539
wescon-tools,2026-07-02 14:50:43.112,18,1,18,0.015
wescon-tools,2026-07-02 14:50:45.802,1465,2,1465,2.242
wescon-tools,2026-07-02 15:35:30.800,774,1,774,0.496
wescon-tools,2026-07-02 15:35:31.234,774,1,774,0.414
wescon-tools,2026-07-02 15:35:31.263,18,1,18,0.023
wescon-tools,2026-07-02 15:35:33.415,1465,2,1465,1.672
wescon-tools,2026-07-02 15:42:27.848,774,1,774,0.486
wescon-tools,2026-07-02 15:42:28.296,774,1,774,0.430
wescon-tools,2026-07-02 15:42:28.318,18,1,18,0.014
wescon-tools,2026-07-02 15:42:30.865,1465,2,1465,2.170
wescon-tools,2026-07-02 15:42:31.370,774,1,774,0.414
wescon-tools,2026-07-02 15:42:31.778,774,1,774,0.407
wescon-tools,2026-07-02 15:42:31.793,18,1,18,0.014
wescon-tools,2026-07-02 15:42:33.700,1465,2,1465,1.481
wescon-tools,2026-07-02 15:46:22.819,774,1,774,0.532
wescon-tools,2026-07-02 15:46:23.295,774,1,774,0.458
wescon-tools,2026-07-02 15:46:23.317,18,1,18,0.016
wescon-tools,2026-07-02 15:46:26.066,1465,2,1465,2.158
wescon-tools,2026-07-02 15:46:26.599,774,1,774,0.443
wescon-tools,2026-07-02 15:46:27.026,774,1,774,0.426
wescon-tools,2026-07-02 15:46:27.043,18,1,18,0.015
wescon-tools,2026-07-02 15:46:28.984,1465,2,1465,1.539
wescon-tools,2026-07-02 15:46:38.624,774,1,774,0.450
wescon-tools,2026-07-02 15:46:39.088,774,1,774,0.447
wescon-tools,2026-07-02 15:46:39.109,18,1,18,0.014
wescon-tools,2026-07-02 15:46:41.468,1465,2,1465,1.931
wescon-tools,2026-07-02 15:46:41.973,774,1,774,0.409
wescon-tools,2026-07-02 15:46:42.389,774,1,774,0.413
wescon-tools,2026-07-02 15:46:42.404,18,1,18,0.014
wescon-tools,2026-07-02 15:46:44.452,1465,2,1465,1.654
wescon-tools,2026-07-02 15:49:37.177,774,1,774,0.550
wescon-tools,2026-07-02 15:49:37.650,774,1,774,0.455
wescon-tools,2026-07-02 15:49:37.672,18,1,18,0.016
wescon-tools,2026-07-02 15:49:40.249,1465,2,1465,2.218
wescon-tools,2026-07-02 15:49:40.807,774,1,774,0.466
wescon-tools,2026-07-02 15:49:41.304,774,1,774,0.495
wescon-tools,2026-07-02 15:49:41.320,18,1,18,0.015
wescon-tools,2026-07-02 15:49:43.353,1465,2,1465,1.727
wescon-tools,2026-07-02 15:59:38.754,1,1,1,0.007
wescon-tools,2026-07-02 16:00:14.072,774,1,774,0.412
wescon-tools,2026-07-02 16:00:14.445,774,1,774,0.355
wescon-tools,2026-07-02 16:00:14.464,18,1,18,0.013
wescon-tools,2026-07-02 16:00:17.397,1465,2,1465,2.253
wescon-tools,2026-07-02 16:00:17.490,18,1,18,0.021
wescon-tools,2026-07-02 16:00:17.510,18,1,18,0.018
wescon-tools,2026-07-02 16:00:17.640,216,1,216,0.108
wescon-tools,2026-07-02 16:00:17.668,18,1,18,0.008
wescon-tools,2026-07-02 16:00:17.707,36,1,36,0.036
wescon-tools,2026-07-02 16:00:17.716,1,1,1,0.003
wescon-tools,2026-07-02 16:00:17.723,2,1,2,0.005
wescon-tools,2026-07-02 16:00:17.729,1,1,1,0.003
wescon-tools,2026-07-02 16:11:28.966,774,1,774,0.503
wescon-tools,2026-07-02 16:11:29.431,774,1,774,0.447
wescon-tools,2026-07-02 16:11:29.453,18,1,18,0.016
wescon-tools,2026-07-02 16:11:31.892,1465,2,1465,2.038
wescon-tools,2026-07-02 16:11:31.989,18,1,18,0.022
wescon-tools,2026-07-02 16:11:32.009,18,1,18,0.018
wescon-tools,2026-07-02 16:11:32.156,216,1,216,0.124
wescon-tools,2026-07-02 16:11:32.188,18,1,18,0.009
wescon-tools,2026-07-02 16:11:32.231,36,1,36,0.040
wescon-tools,2026-07-02 16:11:32.241,1,1,1,0.003
wescon-tools,2026-07-02 16:11:32.249,2,1,2,0.005
wescon-tools,2026-07-02 16:11:32.255,1,1,1,0.003
wescon-tools,2026-07-02 16:11:32.673,774,1,774,0.412
wescon-tools,2026-07-02 16:11:33.101,774,1,774,0.426
wescon-tools,2026-07-02 16:11:33.117,18,1,18,0.016
wescon-tools,2026-07-02 16:11:34.918,1465,2,1465,1.533
wescon-tools,2026-07-02 16:11:34.941,18,1,18,0.022
wescon-tools,2026-07-02 16:11:34.964,18,1,18,0.020
wescon-tools,2026-07-02 16:11:35.076,216,1,216,0.111
wescon-tools,2026-07-02 16:11:35.084,18,1,18,0.008
wescon-tools,2026-07-02 16:11:35.125,36,1,36,0.040
wescon-tools,2026-07-02 16:11:35.129,1,1,1,0.004
wescon-tools,2026-07-02 16:11:35.136,2,1,2,0.006
wescon-tools,2026-07-02 16:11:35.139,1,1,1,0.003
wescon-tools,2026-07-02 16:20:47.301,774,1,774,0.540
wescon-tools,2026-07-02 16:20:47.796,774,1,774,0.476
wescon-tools,2026-07-02 16:20:47.817,18,1,18,0.015
wescon-tools,2026-07-02 16:20:50.524,1465,2,1465,2.143
wescon-tools,2026-07-02 16:20:50.658,18,1,18,0.024
wescon-tools,2026-07-02 16:20:50.680,18,1,18,0.019
wescon-tools,2026-07-02 16:20:50.830,216,1,216,0.125
wescon-tools,2026-07-02 16:20:50.864,18,1,18,0.010
wescon-tools,2026-07-02 16:20:50.908,36,1,36,0.042
wescon-tools,2026-07-02 16:20:50.918,1,1,1,0.004
wescon-tools,2026-07-02 16:20:50.928,2,1,2,0.007
wescon-tools,2026-07-02 16:20:50.935,1,1,1,0.003
wescon-tools,2026-07-02 16:20:51.371,774,1,774,0.433
wescon-tools,2026-07-02 16:20:51.808,774,1,774,0.435
wescon-tools,2026-07-02 16:20:51.822,18,1,18,0.014
wescon-tools,2026-07-02 16:20:53.693,1465,2,1465,1.592
wescon-tools,2026-07-02 16:20:53.720,18,1,18,0.025
wescon-tools,2026-07-02 16:20:53.742,18,1,18,0.021
wescon-tools,2026-07-02 16:20:53.862,216,1,216,0.119
wescon-tools,2026-07-02 16:20:53.870,18,1,18,0.008
wescon-tools,2026-07-02 16:20:53.909,36,1,36,0.038
wescon-tools,2026-07-02 16:20:53.913,1,1,1,0.004
wescon-tools,2026-07-02 16:20:53.918,2,1,2,0.005
wescon-tools,2026-07-02 16:20:53.921,1,1,1,0.002
mcs_prime,2026-06-24 15:20:19.694,12,1,0,0.002
mcs_prime,2026-06-24 15:20:19.699,1,1,0,0.002
hk26_tracking,2026-06-19 14:14:18.300,39,1,0,0.002
hk26_tracking,2026-06-19 14:14:18.303,3,1,0,0.002
hk26_tracking,2026-06-19 14:14:18.306,3,1,0,0.002
hk26_tracking,2026-06-19 14:14:18.309,39,1,0,0.002
hk26_tracking,2026-06-19 14:14:18.311,3,1,0,0.002
hk26_tracking,2026-06-19 14:14:18.313,3,1,0,0.002
hk26_tracking,2026-06-19 14:15:27.917,13,1,0,0.002
hk26_tracking,2026-06-19 14:15:27.921,1,1,0,0.002
hk26_tracking,2026-06-19 14:15:27.924,1,1,0,0.002
hk26_tracking,2026-06-19 14:15:27.927,13,1,0,0.002
hk26_tracking,2026-06-19 14:15:27.929,1,1,0,0.002
hk26_tracking,2026-06-19 14:15:27.931,1,1,0,0.002
hk26_tracking,2026-06-19 14:16:33.855,13,1,0,0.002
hk26_tracking,2026-06-19 14:16:33.858,1,1,0,0.002
hk26_tracking,2026-06-19 14:16:33.861,1,1,0,0.002
hk26_tracking,2026-06-19 14:16:33.865,13,1,0,0.002
hk26_tracking,2026-06-19 14:16:33.867,1,1,0,0.002
hk26_tracking,2026-06-19 14:16:33.868,1,1,0,0.002
hk26_tracking,2026-06-19 14:43:04.580,39,1,0,0.002
hk26_tracking,2026-06-19 14:43:04.583,3,1,0,0.002
hk26_tracking,2026-06-19 14:43:04.586,3,1,0,0.002
hk26_tracking,2026-06-22 10:40:33.452,39,1,0,0.002
hk26_tracking,2026-06-22 10:40:33.456,3,1,0,0.002
hk26_tracking,2026-06-22 10:40:33.459,3,1,0,0.002
hk26_tracking,2026-06-22 10:41:21.405,13,1,0,0.002
hk26_tracking,2026-06-22 10:41:21.409,1,1,0,0.002
hk26_tracking,2026-06-22 10:41:21.412,1,1,0,0.002
hk26_tracking,2026-06-22 10:41:49.156,13,1,0,0.002
hk26_tracking,2026-06-22 10:41:49.159,1,1,0,0.002
hk26_tracking,2026-06-22 10:41:49.163,1,1,0,0.002
hk26_tracking,2026-06-22 15:50:21.065,13,1,0,0.002
hk26_tracking,2026-06-22 15:50:21.068,1,1,0,0.002
hk26_tracking,2026-06-22 15:50:21.072,1,1,0,0.002
hk26_tracking,2026-06-22 20:47:59.341,13,1,0,0.002
hk26_tracking,2026-06-22 20:47:59.344,1,1,0,0.002
hk26_tracking,2026-06-22 20:47:59.347,1,1,0,0.002
hk26_tracking,2026-06-23 10:54:08.577,13,1,0,0.003
hk26_tracking,2026-06-23 10:54:08.583,1,1,0,0.003
hk26_tracking,2026-06-23 10:54:08.586,1,1,0,0.002
hk26_tracking,2026-06-23 15:53:57.367,13,1,0,0.002
hk26_tracking,2026-06-23 15:53:57.371,1,1,0,0.002
hk26_tracking,2026-06-23 15:53:57.380,1,1,0,0.007
hk26_tracking,2026-06-24 10:06:58.215,39,1,13,0.004
hk26_tracking,2026-06-24 10:06:58.219,3,1,1,0.003
hk26_tracking,2026-06-24 10:06:58.223,3,1,1,0.003
hk26_tracking,2026-06-24 10:06:58.229,39,1,13,0.003
hk26_tracking,2026-06-24 10:06:58.231,3,1,1,0.002
hk26_tracking,2026-06-24 10:06:58.234,3,1,1,0.002
hk26_tracking,2026-06-24 10:08:15.733,39,1,13,0.004
hk26_tracking,2026-06-24 10:08:15.738,3,1,1,0.003
hk26_tracking,2026-06-24 10:08:15.743,3,1,1,0.004
hk26_tracking,2026-06-24 10:08:15.749,39,1,13,0.004
hk26_tracking,2026-06-24 10:08:15.753,3,1,1,0.004
hk26_tracking,2026-06-24 10:08:15.756,3,1,1,0.003
hk26_tracking,2026-06-24 10:08:35.624,13,1,13,0.003
hk26_tracking,2026-06-24 10:08:35.628,1,1,1,0.003
hk26_tracking,2026-06-24 10:08:35.632,1,1,1,0.002
hk26_tracking,2026-06-24 10:08:35.636,13,1,13,0.003
hk26_tracking,2026-06-24 10:08:35.639,1,1,1,0.002
hk26_tracking,2026-06-24 10:08:35.641,1,1,1,0.002
hk26_tracking,2026-06-24 10:09:05.061,39,1,13,0.004
hk26_tracking,2026-06-24 10:09:05.065,3,1,1,0.003
hk26_tracking,2026-06-24 10:09:05.069,3,1,1,0.002
hk26_tracking,2026-06-24 10:09:05.074,39,1,13,0.003
hk26_tracking,2026-06-24 10:09:05.077,3,1,1,0.003
hk26_tracking,2026-06-24 10:09:05.080,3,1,1,0.002
hk26_tracking,2026-06-24 10:09:40.881,39,1,13,0.003
hk26_tracking,2026-06-24 10:09:40.884,3,1,1,0.003
hk26_tracking,2026-06-24 10:09:40.887,3,1,1,0.002
hk26_tracking,2026-06-24 10:10:05.608,39,1,13,0.009
hk26_tracking,2026-06-24 10:10:05.610,3,1,1,0.003
hk26_tracking,2026-06-24 10:10:05.613,3,1,1,0.003
hk26_tracking,2026-06-24 10:10:33.706,39,1,13,0.003
hk26_tracking,2026-06-24 10:10:33.708,3,1,1,0.002
hk26_tracking,2026-06-24 10:10:33.710,3,1,1,0.002
hk26_tracking,2026-06-24 10:10:49.415,13,1,13,0.003
hk26_tracking,2026-06-24 10:10:49.419,1,1,1,0.002
hk26_tracking,2026-06-24 10:10:49.423,1,1,1,0.002
hk26_tracking,2026-06-24 10:10:49.428,13,1,13,0.003
hk26_tracking,2026-06-24 10:10:49.430,1,1,1,0.002
hk26_tracking,2026-06-24 10:10:49.433,1,1,1,0.002
hk26_tracking,2026-06-24 10:10:54.660,39,1,39,0.009
hk26_tracking,2026-06-24 10:10:54.707,3,1,3,0.045
hk26_tracking,2026-06-24 10:10:54.720,3,1,3,0.012
hk26_tracking,2026-06-24 10:10:54.731,39,1,39,0.009
hk26_tracking,2026-06-24 10:10:54.736,3,1,3,0.004
hk26_tracking,2026-06-24 10:10:54.739,3,1,3,0.003
hk26_tracking,2026-06-24 10:11:03.544,39,1,39,0.008
hk26_tracking,2026-06-24 10:11:03.550,3,1,3,0.004
hk26_tracking,2026-06-24 10:11:03.554,3,1,3,0.003
hk26_tracking,2026-06-24 10:11:03.563,39,1,39,0.007
hk26_tracking,2026-06-24 10:11:03.567,3,1,3,0.004
hk26_tracking,2026-06-24 10:11:03.570,3,1,3,0.003
